ShipmentID,OrderID,Order#,SKU,ItemDescription,UnitPrice,Quantity,ExtendedPrice,ShipDate,StoreName,Carrier,Provider,Service,Tracking#,Warehouse
"153703632","283923088","862843","17914","FREE CASE-  PPR- PreRinse","0.00","1","0.00","5/7/2026","BigCommerce - Oracare","FedEx","FedEx","Ground","381134247864","Axiom"
"149016360","275883129","862121","17914","PPR- PreRinse (Case of 3)","0.00","2","0.00","4/6/2026","BigCommerce - Oracare","FedEx","FedEx","Ground","380262047979","Axiom"
"148608430","274801766","862100","17914","PPR- PreRinse (Case of 3)","134.00","1","134.00","4/2/2026","BigCommerce - Oracare","FedEx","FedEx","Ground Hm","380186727000","Axiom"
"148608340","274434767","862059","17914","PPR- PreRinse (Case of 3)","134.00","1","134.00","4/2/2026","BigCommerce - Oracare","FedEx","FedEx","Ground Hm","380186720597","Axiom"
"149580704","276705249","862214","17914","PPR- PreRinse (Case of 3)","134.00","1","134.00","4/9/2026","BigCommerce - Oracare","FedEx","FedEx","Ground","380369063550","Axiom"
"149580724","276672465","862212","17914","PPR- PreRinse (Case of 3)","134.00","1","134.00","4/9/2026","BigCommerce - Oracare","FedEx","FedEx","Ground","380369065997","Axiom"
"149414006","276571622","862202","17914","PPR- PreRinse (Case of 3)","134.00","5","670.00","4/8/2026","BigCommerce - Oracare","FedEx","FedEx","Ground","380336059371","Axiom"
"149414101","276571621","862202","17914","PPR- PreRinse (Case of 3)","0.00","1","0.00","4/8/2026","BigCommerce - Oracare","FedEx","FedEx","Ground","380336070582","Axiom"
"149414079","276549629","862194","17914","PPR- PreRinse (Case of 3)","134.00","2","268.00","4/8/2026","BigCommerce - Oracare","FedEx","FedEx","Ground","380336066384","Axiom"
"149235076","276281834","862174","17914","PPR- PreRinse (Case of 3)","134.00","2","268.00","4/7/2026","BigCommerce - Oracare","FedEx","FedEx","Ground","380300840168","Axiom"
"149235108","275984044","862146","17914","PPR- PreRinse (Case of 3)","134.00","1","134.00","4/7/2026","BigCommerce - Oracare","FedEx","FedEx","Ground","380300845321","Axiom"
"149016294","275949053","862137","17914","PPR- PreRinse (Case of 3)","134.00","1","134.00","4/6/2026","BigCommerce - Oracare","FedEx","FedEx","Ground","380262045222","Axiom"
"151277402","280076690","862482","17914","PPR- PreRinse (Case of 3)","134.00","2","268.00","4/21/2026","BigCommerce - Oracare","FedEx","FedEx","Ground","380691675870","Axiom"
"151277467","280040672","862475","17914","PPR- PreRinse (Case of 3)","134.00","3","402.00","4/21/2026","BigCommerce - Oracare","FedEx","FedEx","Ground","380691680066","Axiom"
"149413986","276538009","862190","17914","PPR- PreRinse (Case of 3)","134.00","1","134.00","4/8/2026","BigCommerce - Oracare","FedEx","FedEx","Ground","380336059706","Axiom"
"149414140","276596842","862204","17914","PPR- PreRinse (Case of 3)","134.00","1","134.00","4/8/2026","BigCommerce - Oracare","FedEx","FedEx","Ground","380336076455","Axiom"
"151277525","279841475","862461","17914","PPR- PreRinse (Case of 3)","134.00","1","134.00","4/21/2026","BigCommerce - Oracare","FedEx","FedEx","Ground","380691686649","Axiom"
"149580695","276838015","862225","17914","PPR- PreRinse (Case of 3)","120.60","2","241.20","4/9/2026","BigCommerce - Oracare","FedEx","FedEx","Ground","380369059362","Axiom"
"154547295","285858262","100673","18675 - 240231","Ortho Protect","0.00","1","0.00","5/13/2026","XCart - Oracare","FedEx","FedEx","Ground","381285057716","Axiom"
"154192325","285311150","100638","18675 - 240231","Ortho Protect","0.00","1","0.00","5/11/2026","XCart - Oracare","FedEx","FedEx","Ground","381221994129","Axiom"
"154192411","285310684","100636","18675 - 240231","Ortho Protect","0.00","1","0.00","5/11/2026","XCart - Oracare","FedEx","FedEx","Ground","381222013918","Axiom"
"154186140","285310338","100635","18675 - 240231","Ortho Protect","0.00","1","0.00","5/11/2026","XCart - Oracare","FedEx","FedEx","Ground","381221074578","Axiom"
"154163756","285314073","100647","18675 - 240231","Ortho Protect","0.00","1","0.00","5/11/2026","XCart - Oracare","FedEx","FedEx","Ground","381217880907","Axiom"
"154163789","285313598","100646","18675 - 240231","Ortho Protect","0.00","1","0.00","5/11/2026","XCart - Oracare","FedEx","FedEx","Ground","381217886548","Axiom"
"154163776","285312706","100644","18675 - 240231","Ortho Protect","0.00","1","0.00","5/11/2026","XCart - Oracare","FedEx","FedEx","Ground","381217884589","Axiom"
"154163805","285312337","100643","18675 - 240231","Ortho Protect","0.00","1","0.00","5/11/2026","XCart - Oracare","FedEx","FedEx","Ground","381217888253","Axiom"
"154192412","285312031","100642","18675 - 240231","Ortho Protect","0.00","1","0.00","5/11/2026","XCart - Oracare","FedEx","FedEx","Ground","381222013723","Axiom"
"154186364","285311741","100641","18675 - 240231","Ortho Protect","0.00","1","0.00","5/11/2026","XCart - Oracare","FedEx","FedEx","Ground","381221092740","Axiom"
"154192410","285311595","100640","18675 - 240231","Ortho Protect","0.00","1","0.00","5/11/2026","XCart - Oracare","FedEx","FedEx","Ground","381222013826","Axiom"
"154192256","285311348","100639","18675 - 240231","Ortho Protect","0.00","1","0.00","5/11/2026","XCart - Oracare","FedEx","FedEx","Ground Hm","381221980431","Axiom"
"154547251","285857227","100671","18675 - 240231","Ortho Protect","0.00","1","0.00","5/13/2026","XCart - Oracare","FedEx","FedEx","Ground","381285056640","Axiom"
"151775513","281017684","862573","18675 - 240231","Ortho Protect","0.00","1","0.00","4/24/2026","BigCommerce - Oracare","FedEx","FedEx","2day","380785463536","Axiom"
"154547206","285826200","100668","18675 - 240231","Ortho Protect","0.00","1","0.00","5/13/2026","XCart - Oracare","FedEx","FedEx","Ground","381285050310","Axiom"
"154547200","285825342","100667","18675 - 240231","Ortho Protect","0.00","1","0.00","5/13/2026","XCart - Oracare","FedEx","FedEx","Ground","381285049887","Axiom"
"154547288","285824998","100666","18675 - 240231","Ortho Protect","0.00","1","0.00","5/13/2026","XCart - Oracare","FedEx","FedEx","Ground","381285057392","Axiom"
"154547266","285824107","100665","18675 - 240231","Ortho Protect","0.00","1","0.00","5/13/2026","XCart - Oracare","FedEx","FedEx","Ground","381285057348","Axiom"
"154547246","285821872","100664","18675 - 240231","Ortho Protect","0.00","1","0.00","5/13/2026","XCart - Oracare","FedEx","FedEx","Ground","381285053239","Axiom"
"149580789","276884503","862232","17914","PPR- PreRinse (Case of 3)","120.60","5","603.00","4/9/2026","BigCommerce - Oracare","FedEx","FedEx","Ground","380369067280","Axiom"
"149580950","276884758","862229","17914","PPR- PreRinse (Case of 3)","120.60","2","241.20","4/9/2026","BigCommerce - Oracare","FedEx","FedEx","Ground","380369095923","Axiom"
"150752725","279019060","862431","17914","PPR- PreRinse (Case of 3)","134.00","2","268.00","4/17/2026","BigCommerce - Oracare","FedEx","FedEx","Ground","380594146979","Axiom"
"149724613","276935224","862244","17914","PPR- PreRinse (Case of 3)","134.00","2","268.00","4/10/2026","BigCommerce - Oracare","FedEx","FedEx","Ground","380398432764","Axiom"
"149724610","276954168","862250","17914","PPR- PreRinse (Case of 3)","134.00","4","536.00","4/10/2026","BigCommerce - Oracare","FedEx","FedEx","Ground","380398430544","Axiom"
"149724618","277115985","862253","17914","PPR- PreRinse (Case of 3)","134.00","4","536.00","4/10/2026","BigCommerce - Oracare","FedEx","FedEx","Ground","380398432525","Axiom"
"150752752","278802615","862409","17914","PPR- PreRinse (Case of 3)","134.00","5","670.00","4/17/2026","BigCommerce - Oracare","FedEx","FedEx","Ground","380594149566","Axiom"
"150752730","278802613","862409","17914","PPR- PreRinse (Case of 3)","0.00","1","0.00","4/17/2026","BigCommerce - Oracare","FedEx","FedEx","Ground","380594149408","Axiom"
"150440967","278477306","862370","17914","PPR- PreRinse (Case of 3)","134.00","1","134.00","4/15/2026","BigCommerce - Oracare","FedEx","FedEx","Ground","380530930640","Axiom"
"150037860","277810942","862274","17914","PPR- PreRinse (Case of 3)","111.67","6","670.02","4/13/2026","BigCommerce - Oracare","FedEx","FedEx","Ground","380459017872","Axiom"
"149724584","276935228","862245","17914","PPR- PreRinse (Case of 3)","0.00","1","0.00","4/10/2026","BigCommerce - Oracare","FedEx","FedEx","Ground","380398427170","Axiom"
"153703623","283922500","862842","17914","FREE CASE-  PPR- PreRinse","0.00","1","0.00","5/7/2026","BigCommerce - Oracare","FedEx","FedEx","Ground","381134247268","Axiom"
"153703581","283921265","862844","17914","PPR- PreRinse (Case of 3)","134.00","3","402.00","5/7/2026","BigCommerce - Oracare","FedEx","FedEx","Ground","381134242612","Axiom"
"153703762","283921240","862837","17914","PPR- PreRinse (Case of 3)","134.00","1","134.00","5/7/2026","BigCommerce - Oracare","FedEx","FedEx","Ground","381134253469","Axiom"
"153703426","283898696","862834","17914","PPR- PreRinse (Case of 3)","134.00","1","134.00","5/7/2026","BigCommerce - Oracare","FedEx","FedEx","Ground","381134233618","Axiom"
"153348292","283848993","862808","17914","PPR- PreRinse (Case of 3)","134.00","1","134.00","5/5/2026","BigCommerce - Oracare","FedEx","FedEx","Ground","381068036823","Axiom"
"150752738","278802629","862414","17914","PPR- PreRinse (Case of 3)","120.60","5","603.00","4/17/2026","BigCommerce - Oracare","FedEx","FedEx","Ground","380594146085","Axiom"
"153348228","283592701","862769","17914","PPR- PreRinse (Case of 3)","134.00","2","268.00","5/5/2026","BigCommerce - Oracare","FedEx","FedEx","Ground","381068030192","Axiom"
"157124698","290489822","863388","17612","OraCare Health Rinse (Case of 8)","254.00","1","254.00","6/1/2026","BigCommerce - Oracare","FedEx","FedEx","2day","381727255320","Axiom"
"148608448","274211065","723005","17612","Case(s) of OraCare™ Oral Health Rinse","0.00","6","0.00","4/2/2026","XCart - Oracare","FedEx","FedEx","Ground","380186730988","Axiom"
"148608404","274200856","722985","17612","Case(s) of OraCare™ Oral Health Rinse","0.00","15","0.00","4/2/2026","XCart - Oracare","FedEx","FedEx","Ground","380186720060","Axiom"
"148608319","274166337","722955","17612","Case(s) of OraCare™ Oral Health Rinse","0.00","6","0.00","4/2/2026","XCart - Oracare","FedEx","FedEx","Ground","380186712810","Axiom"
"148608612","274453953","862063","17612","OraCare Health Rinse (Case of 8)","254.00","1","254.00","4/2/2026","BigCommerce - Oracare","FedEx","FedEx","Ground","380186755308","Axiom"
"148608605","274434777","862060","17612","OraCare Health Rinse (Case of 8)","254.00","2","508.00","4/2/2026","BigCommerce - Oracare","FedEx","FedEx","Ground","380186752467","Axiom"
"148608592","274434774","862061","17612","OraCare Health Rinse (Case of 8)","254.00","31","7874.00","4/2/2026","BigCommerce - Oracare","FedEx","FedEx","Ground","380186729859","Axiom"
"148608402","274434773","862061","17612","OraCare Health Rinse (Case of 8)","0.00","10","0.00","4/2/2026","BigCommerce - Oracare","FedEx","FedEx","Ground","380186720781","Axiom"
"148608351","274434769","862059","17612","OraCare Health Rinse (Case of 8)","254.00","1","254.00","4/2/2026","BigCommerce - Oracare","FedEx","FedEx","Ground Hm","380186721310","Axiom"
"148608570","274409380","862054","17612","OraCare Health Rinse (Case of 8)","254.00","5","1270.00","4/2/2026","BigCommerce - Oracare","FedEx","FedEx","Ground","380186746233","Axiom"
"148608536","274409378","862054","17612","OraCare Health Rinse (Case of 8)","0.00","1","0.00","4/2/2026","BigCommerce - Oracare","FedEx","FedEx","Ground","380186746895","Axiom"
"148608449","274211068","723015","17612","Case(s) of OraCare™ Oral Health Rinse","0.00","1","0.00","4/2/2026","XCart - Oracare","FedEx","FedEx","Ground","380186737802","Axiom"
"149016332","275883128","862119","17612","OraCare Health Rinse (Case of 8)","254.00","2","508.00","4/6/2026","BigCommerce - Oracare","FedEx","FedEx","Ground","380262047626","Axiom"
"148743082","274843399","862109","17612","OraCare Health Rinse (Case of 8)","254.00","2","508.00","4/3/2026","BigCommerce - Oracare","FedEx","FedEx","Ground","380212519393","Axiom"
"148743065","274843396","862107","17612","OraCare Health Rinse (Case of 8)","254.00","1","254.00","4/3/2026","BigCommerce - Oracare","FedEx","FedEx","Ground","380212524749","Axiom"
"148743062","274843395","862106","17612","OraCare Health Rinse (Case of 8)","254.00","1","254.00","4/3/2026","BigCommerce - Oracare","FedEx","FedEx","Ground","380212524212","Axiom"
"148743099","274843391","862108","17612","OraCare Health Rinse (Case of 8)","0.00","1","0.00","4/3/2026","BigCommerce - Oracare","FedEx","FedEx","Ground","380212532519","Axiom"
"154547227","285820975","100663","18675 - 240231","Ortho Protect","0.00","1","0.00","5/13/2026","XCart - Oracare","FedEx","FedEx","Ground","381285054923","Axiom"
"154547220","285819348","100662","18675 - 240231","Ortho Protect","0.00","1","0.00","5/13/2026","XCart - Oracare","FedEx","FedEx","Ground","381285053489","Axiom"
"154547212","285811876","100661","18675 - 240231","Ortho Protect","0.00","1","0.00","5/13/2026","XCart - Oracare","FedEx","FedEx","Ground","381285052850","Axiom"
"154375331","285379687","100658","18675 - 240231","Ortho Protect","0.00","1","0.00","5/12/2026","XCart - Oracare","FedEx","FedEx","Ground Hm","381253849471","Axiom"
"154375324","285379263","100657","18675 - 240231","Ortho Protect","0.00","1","0.00","5/12/2026","XCart - Oracare","FedEx","FedEx","Ground","381253848100","Axiom"
"154375314","285375568","100654","18675 - 240231","Ortho Protect","0.00","1","0.00","5/12/2026","XCart - Oracare","FedEx","FedEx","Ground","381253845730","Axiom"
"154375307","285375194","100653","18675 - 240231","Ortho Protect","0.00","1","0.00","5/12/2026","XCart - Oracare","FedEx","FedEx","Ground","381253845270","Axiom"
"154375380","285374789","100652","18675 - 240231","Ortho Protect","0.00","1","0.00","5/12/2026","XCart - Oracare","FedEx","FedEx","Ground","381253860075","Axiom"
"154375375","285372955","100651","18675 - 240231","Ortho Protect","0.00","1","0.00","5/12/2026","XCart - Oracare","FedEx","FedEx","Ground","381253856532","Axiom"
"154163807","285315361","100650","18675 - 240231","Ortho Protect","0.00","1","0.00","5/11/2026","XCart - Oracare","FedEx","FedEx","Ground","381217888871","Axiom"
"157344395","289906093","100688","18675 - 240231","Ortho Protect","0.00","1","0.00","6/2/2026","XCart - Oracare","FedEx","FedEx","Ground","381758489984","Axiom"
"156227686","289234303","100685","18675 - 240231","Ortho Protect","0.00","2","0.00","5/26/2026","XCart - Oracare","FedEx","FedEx","Ground","381583755100","Axiom"
"155538792","287693254","100681","18675 - 240231","Ortho Protect","0.00","1","0.00","5/20/2026","XCart - Oracare","FedEx","FedEx","Ground","381460991214","Axiom"
"154547203","285858529","100674","18675 - 240231","Ortho Protect","0.00","1","0.00","5/13/2026","XCart - Oracare","FedEx","FedEx","Ground","381285050744","Axiom"
"154547275","285858045","100672","18675 - 240231","Ortho Protect","0.00","1","0.00","5/13/2026","XCart - Oracare","FedEx","FedEx","Ground","381285056293","Axiom"
"154547221","285828497","100670","18675 - 240231","Ortho Protect","0.00","1","0.00","5/13/2026","XCart - Oracare","FedEx","FedEx","Ground","381285054073","Axiom"
"154547215","285826536","100669","18675 - 240231","Ortho Protect","0.00","1","0.00","5/13/2026","XCart - Oracare","FedEx","FedEx","Ground","381285052015","Axiom"
"154375344","285380405","100660","18675 - 240231","Ortho Protect","0.00","1","0.00","5/12/2026","XCart - Oracare","FedEx","FedEx","Ground Hm","381253850626","Axiom"
"154375338","285380049","100659","18675 - 240231","Ortho Protect","0.00","1","0.00","5/12/2026","XCart - Oracare","FedEx","FedEx","Ground","381253849920","Axiom"
"150752712","278802628","862414","17914","PPR- PreRinse (Case of 3)","0.00","1","0.00","4/17/2026","BigCommerce - Oracare","FedEx","FedEx","Ground","380594147232","Axiom"
"150595056","278772922","862408","17914","PPR- PreRinse (Case of 3)","134.00","1","134.00","4/16/2026","BigCommerce - Oracare","FedEx","FedEx","Ground","380562270786","Axiom"
"150595045","278772917","862405","17914","PPR- PreRinse (Case of 3)","134.00","1","134.00","4/16/2026","BigCommerce - Oracare","FedEx","FedEx","Ground","380562268856","Axiom"
"153126755","282928296","862752","17914","PPR- PreRinse (Case of 3)","134.00","1","134.00","5/4/2026","BigCommerce - Oracare","FedEx","FedEx","Ground","381029734476","Axiom"
"150594989","278742966","862397","17914","PPR- PreRinse (Case of 3)","134.00","1","134.00","4/16/2026","BigCommerce - Oracare","FedEx","FedEx","Ground","380562256290","Axiom"
"152813068","282596684","862718","17914","PPR- PreRinse (Case of 3)","134.00","1","134.00","5/1/2026","BigCommerce - Oracare","FedEx","FedEx","Ground","380975467168","Axiom"
"150595001","278539080","862382","17914","PPR- PreRinse (Case of 3)","134.00","1","134.00","4/16/2026","BigCommerce - Oracare","FedEx","FedEx","Ground","380562259347","Axiom"
"150440951","278480495","862370","17914","FREE CASE-  PPR- PreRinse","0.00","1","0.00","4/15/2026","BigCommerce - Oracare","FedEx","FedEx","Ground","380530928021","Axiom"
"152649124","282353074","862694","17914","PPR- PreRinse (Case of 3)","134.00","2","268.00","4/30/2026","BigCommerce - Oracare","FedEx","FedEx","Ground","380945657685","Axiom"
"152475335","282238841","862498","17914","PPR- PreRinse (Case of 3)","134.00","1","134.00","4/29/2026","BigCommerce - Oracare","FedEx","FedEx","Ground","380913355597","Axiom"
"152475284","282092375","862660","17914","PPR- PreRinse (Case of 3)","134.00","1","134.00","4/29/2026","BigCommerce - Oracare","FedEx","FedEx","Ground","380913347496","Axiom"
"150441081","278344171","862333","17914","PPR- PreRinse (Case of 3)","134.00","1","134.00","4/15/2026","BigCommerce - Oracare","FedEx","FedEx","Ground","380530943076","Axiom"
"152475228","282024701","862645","17914","PPR- PreRinse (Case of 3)","134.00","1","134.00","4/29/2026","BigCommerce - Oracare","FedEx","FedEx","Ground","380913338881","Axiom"
"148608456","274352271","862052","17914","PPR- PreRinse (Case of 3)","134.00","1","134.00","4/2/2026","BigCommerce - Oracare","FedEx","FedEx","Ground Hm","380186737971","Axiom"
"152064170","281048348","862602","17914","PPR- PreRinse (Case of 3)","140.70","1","140.70","4/27/2026","BigCommerce - Oracare","FedEx","FedEx","Ground","380840878239","Axiom"
"148608366","274592526","862089","17914","PPR- PreRinse (Case of 3)","111.67","6","670.02","4/2/2026","BigCommerce - Oracare","FedEx","FedEx","Ground","380186718921","Axiom"
"151775433","281013435","862597","17914","PPR- PreRinse (Case of 3)","120.60","2","241.20","4/24/2026","BigCommerce - Oracare","FedEx","FedEx","Ground","380785450227","Axiom"
"151775529","280964232","862578","17914","PPR- PreRinse (Case of 3)","134.00","1","134.00","4/24/2026","BigCommerce - Oracare","FedEx","FedEx","Ground","380785466605","Axiom"
"148743100","274810390","723075","17612","Case(s) of OraCare™ Oral Health Rinse","0.00","2","0.00","4/3/2026","XCart - Oracare","FedEx","FedEx","Ground","380212530685","Axiom"
"148743092","274807134","10206","17612","Case(s) of OraCare™ Oral Health Rinse","177.80","8","1422.40","4/3/2026","XCart - Oracare","FedEx","FedEx","Ground","380212525826","Axiom"
"148608420","274801762","862098","17612","OraCare Health Rinse (Case of 8)","254.00","1","254.00","4/2/2026","BigCommerce - Oracare","FedEx","FedEx","Ground Hm","380186730749","Axiom"
"148608354","274783680","720435","17612","Case(s) of OraCare™ Oral Health Rinse","0.00","1","0.00","4/2/2026","XCart - Oracare","FedEx","FedEx","2day","380186721321","Axiom"
"148608305","274579604","862088","17612","OraCare Health Rinse (Case of 8)","254.00","1","254.00","4/2/2026","BigCommerce - Oracare","FedEx","FedEx","Ground","380186714010","Axiom"
"148608294","274498826","862071","17612","OraCare Health Rinse (Case of 8)","254.00","2","508.00","4/2/2026","BigCommerce - Oracare","FedEx","FedEx","Ground","380186712647","Axiom"
"148608391","274479362","862066","17612","OraCare Health Rinse (Case of 8)","254.00","5","1270.00","4/2/2026","BigCommerce - Oracare","FedEx","FedEx","Ground","380186725408","Axiom"
"148608365","274479359","862066","17612","OraCare Health Rinse (Case of 8)","0.00","1","0.00","4/2/2026","BigCommerce - Oracare","FedEx","FedEx","Ground","380186724490","Axiom"
"148608359","274479357","862065","17612","OraCare Health Rinse (Case of 8)","254.00","2","508.00","4/2/2026","BigCommerce - Oracare","FedEx","FedEx","Ground","380186719928","Axiom"
"148608348","274471773","10205","17612","Case(s) of OraCare™ Oral Health Rinse","0.00","6","0.00","4/2/2026","XCart - Oracare","FedEx","FedEx","Ground","380186716881","Axiom"
"148608313","274453955","862062","17612","OraCare Health Rinse (Case of 8)","254.00","5","1270.00","4/2/2026","BigCommerce - Oracare","FedEx","FedEx","Ground","380186711732","Axiom"
"148608620","274453954","862062","17612","OraCare Health Rinse (Case of 8)","0.00","1","0.00","4/2/2026","BigCommerce - Oracare","FedEx","FedEx","Ground","380186755135","Axiom"
"149414055","276408285","862186","17612","OraCare Health Rinse (Case of 8)","254.00","1","254.00","4/8/2026","BigCommerce - Oracare","FedEx","FedEx","Ground","380336066866","Axiom"
"149414045","276408282","862187","17612","OraCare Health Rinse (Case of 8)","254.00","5","1270.00","4/8/2026","BigCommerce - Oracare","FedEx","FedEx","Ground","380336062139","Axiom"
"149414000","276408281","862187","17612","OraCare Health Rinse (Case of 8)","0.00","1","0.00","4/8/2026","BigCommerce - Oracare","FedEx","FedEx","Ground","380336062106","Axiom"
"149413975","276340450","723135","17612","Case(s) of OraCare™ Oral Health Rinse","0.00","1","0.00","4/8/2026","XCart - Oracare","FedEx","FedEx","Ground","380336060158","Axiom"
"149414093","276331227","862181","17612","OraCare Health Rinse (Case of 8)","228.60","2","457.20","4/8/2026","BigCommerce - Oracare","FedEx","FedEx","Ground","380336069258","Axiom"
"154375318","285376431","100656","18675 - 240231","Ortho Protect","0.00","1","0.00","5/12/2026","XCart - Oracare","FedEx","FedEx","Ground","381253846440","Axiom"
"154163800","285314688","100649","18675 - 240231","Ortho Protect","0.00","1","0.00","5/11/2026","XCart - Oracare","FedEx","FedEx","Ground","381217887100","Axiom"
"154163764","285314272","100648","18675 - 240231","Ortho Protect","0.00","1","0.00","5/11/2026","XCart - Oracare","FedEx","FedEx","Ground Hm","381217878881","Axiom"
"154163767","285313100","100645","18675 - 240231","Ortho Protect","0.00","1","0.00","5/11/2026","XCart - Oracare","FedEx","FedEx","Ground","381217883295","Axiom"
"154192409","285310990","100637","18675 - 240231","Ortho Protect","0.00","1","0.00","5/11/2026","XCart - Oracare","FedEx","FedEx","Ground","381222012933","Axiom"
"155849632","288306713","100684","18675 - 240231","Ortho Protect","0.00","20","0.00","5/22/2026","XCart - Oracare","FedEx","FedEx","Ground","381516210685","Axiom"
"155849581","288094705","100683","18675 - 240231","Ortho Protect","0.00","1","0.00","5/22/2026","XCart - Oracare","FedEx","FedEx","Ground Hm","381516211800","Axiom"
"155538803","287693560","100682","18675 - 240231","Ortho Protect","0.00","1","0.00","5/20/2026","XCart - Oracare","FedEx","FedEx","Ground","381460994820","Axiom"
"154547222","285860996","100679","18675 - 240231","Ortho Protect","0.00","1","0.00","5/13/2026","XCart - Oracare","FedEx","FedEx","Ground","381285054198","Axiom"
"154547207","285860649","100678","18675 - 240231","Ortho Protect","0.00","1","0.00","5/13/2026","XCart - Oracare","FedEx","FedEx","Ground","381285051280","Axiom"
"154547216","285860336","100677","18675 - 240231","Ortho Protect","0.00","1","0.00","5/13/2026","XCart - Oracare","FedEx","FedEx","Ground Hm","381285049615","Axiom"
"154547201","285859596","100676","18675 - 240231","Ortho Protect","0.00","1","0.00","5/13/2026","XCart - Oracare","FedEx","FedEx","Ground","381285049589","Axiom"
"157344400","291137105","863418","17613","FREE CASE- OraCare Health Rinse","0.00","1","0.00","6/2/2026","BigCommerce - Oracare","FedEx","FedEx","Ground","381758489127","Axiom"
"156643538","289734646","863337","17613","FREE CASE- OraCare Health Rinse","0.00","1","0.00","5/28/2026","BigCommerce - Oracare","FedEx","FedEx","Ground","381649690302","Axiom"
"156643548","289653179","863327","17613","FREE CASE- OraCare Health Rinse","0.00","1","0.00","5/28/2026","BigCommerce - Oracare","FedEx","FedEx","Ground","381649692029","Axiom"
"156643505","289653173","863328","17613","FREE CASE- OraCare Health Rinse","0.00","1","0.00","5/28/2026","BigCommerce - Oracare","FedEx","FedEx","Ground","381649685141","Axiom"
"157124627","290166983","863376","17613","FREE CASE- OraCare Health Rinse","0.00","1","0.00","6/1/2026","BigCommerce - Oracare","FedEx","FedEx","Ground","381727245432","Axiom"
"156804694","289972987","863371","17613","FREE CASE- OraCare Health Rinse","0.00","1","0.00","5/29/2026","BigCommerce - Oracare","FedEx","FedEx","Ground","381677034730","Axiom"
"148610751","274818370","862105","17914","PPR- PreRinse (Case of 3)","134.00","1","134.00","4/2/2026","BigCommerce - Oracare","FedEx","FedEx","Std Ovr","380187115473","Axiom"
"151775626","280789839","862562","17914","PPR- PreRinse (Case of 3)","134.00","1","134.00","4/24/2026","BigCommerce - Oracare","FedEx","FedEx","Ground","380785476216","Axiom"
"148743111","274830910","723085","17914","Bundle Test Product: 18265 (Component: 17914)","0.00","1","0.00","4/3/2026","XCart - Oracare","FedEx","FedEx","Ground","380212533607","Axiom"
"148743087","274863797","862112","17914","PPR- PreRinse (Case of 3)","134.00","1","134.00","4/3/2026","BigCommerce - Oracare","FedEx","FedEx","Ground Hm","380212529534","Axiom"
"151614673","280699128","862552","17914","PPR- PreRinse (Case of 3)","120.60","2","241.20","4/23/2026","BigCommerce - Oracare","FedEx","FedEx","Ground Hm","380755275965","Axiom"
"151447444","280357298","862515","17914","PPR- PreRinse (Case of 3)","134.00","2","268.00","4/22/2026","BigCommerce - Oracare","FedEx","FedEx","Ground","380722757707","Axiom"
"149235096","276018670","862147","17914","PPR- PreRinse (Case of 3)","120.60","1","120.60","4/7/2026","BigCommerce - Oracare","FedEx","FedEx","Ground","380300846800","Axiom"
"151447428","280183635","862500","17914","PPR- PreRinse (Case of 3)","134.00","1","134.00","4/22/2026","BigCommerce - Oracare","FedEx","FedEx","Ground","380722758107","Axiom"
"151447421","280183634","862503","17914","PPR- PreRinse (Case of 3)","134.00","1","134.00","4/22/2026","BigCommerce - Oracare","FedEx","FedEx","Ground Hm","380722755050","Axiom"
"151447376","280158352","862498","17914","PPR- PreRinse (Case of 3)","134.00","1","134.00","4/22/2026","BigCommerce - Oracare","FedEx","FedEx","Ground","380722749650","Axiom"
"151447372","280158336","862497","17914","PPR- PreRinse (Case of 3)","134.00","1","134.00","4/22/2026","BigCommerce - Oracare","FedEx","FedEx","Ground Hm","380722750871","Axiom"
"157506332","291836105","863461","17914","PPR- PreRinse (Case of 3)","134.00","2","268.00","6/3/2026","BigCommerce - Oracare","FedEx","FedEx","Ground","381784505547","Axiom"
"157506245","291509616","863451","17914","PPR- PreRinse (Case of 3)","134.00","1","134.00","6/3/2026","BigCommerce - Oracare","FedEx","FedEx","Ground","381784494708","Axiom"
"157506349","291509612","863454","17914","PPR- PreRinse (Case of 3)","134.00","1","134.00","6/3/2026","BigCommerce - Oracare","FedEx","FedEx","Ground","381784508465","Axiom"
"157506265","291398868","863442","17914","PPR- PreRinse (Case of 3)","134.00","2","268.00","6/3/2026","BigCommerce - Oracare","FedEx","FedEx","Ground","381784494190","Axiom"
"157344407","291029592","863416","17914","PPR- PreRinse (Case of 3)","134.00","2","268.00","6/2/2026","BigCommerce - Oracare","FedEx","FedEx","Ground","381758488922","Axiom"
"156804697","289996110","863372","17914","PPR- PreRinse (Case of 3)","134.00","1","134.00","5/29/2026","BigCommerce - Oracare","FedEx","FedEx","Ground","381677034887","Axiom"
"156804703","289938475","863359","17914","PPR- PreRinse (Case of 3)","134.00","1","134.00","5/29/2026","BigCommerce - Oracare","FedEx","FedEx","Ground","381677035931","Axiom"
"149414075","276331223","862179","17612","OraCare Health Rinse (Case of 8)","254.00","5","1270.00","4/8/2026","BigCommerce - Oracare","FedEx","FedEx","Ground","380336064245","Axiom"
"149413979","276305655","862176","17612","OraCare Health Rinse (Case of 8)","254.00","1","254.00","4/8/2026","BigCommerce - Oracare","FedEx","FedEx","Ground","380336060240","Axiom"
"149235158","276281846","862175","17612","OraCare Health Rinse (Case of 8)","0.00","2","0.00","4/7/2026","BigCommerce - Oracare","FedEx","FedEx","Ground","380300856888","Axiom"
"149235150","276281845","862173","17612","OraCare Health Rinse (Case of 8)","254.00","2","508.00","4/7/2026","BigCommerce - Oracare","FedEx","FedEx","Ground","380300855550","Axiom"
"149235137","276281844","862170","17612","OraCare Health Rinse (Case of 8)","254.00","1","254.00","4/7/2026","BigCommerce - Oracare","FedEx","FedEx","Ground","380300853959","Axiom"
"149235131","276281842","862171","17612","OraCare Health Rinse (Case of 8)","228.60","5","1143.00","4/7/2026","BigCommerce - Oracare","FedEx","FedEx","Ground","380300847611","Axiom"
"149235103","276281841","862171","17612","OraCare Health Rinse (Case of 8)","0.00","1","0.00","4/7/2026","BigCommerce - Oracare","FedEx","FedEx","Ground","380300848467","Axiom"
"149235095","276281839","862172","17612","OraCare Health Rinse (Case of 8)","254.00","1","254.00","4/7/2026","BigCommerce - Oracare","FedEx","FedEx","Ground","380300847118","Axiom"
"149235064","276281832","862174","17612","OraCare Health Rinse (Case of 8)","254.00","2","508.00","4/7/2026","BigCommerce - Oracare","FedEx","FedEx","Ground","380300838709","Axiom"
"149235106","276018699","862158","17612","OraCare Health Rinse (Case of 8)","254.00","6","1524.00","4/7/2026","BigCommerce - Oracare","FedEx","FedEx","2day","380300844233","Axiom"
"149235063","276018698","862158","17612","OraCare Health Rinse (Case of 8)","0.00","1","0.00","4/7/2026","BigCommerce - Oracare","FedEx","FedEx","2day","380300843502","Axiom"
"149235054","276018696","862153","17612","OraCare Health Rinse (Case of 8)","254.00","2","508.00","4/7/2026","BigCommerce - Oracare","FedEx","FedEx","Ground","380300841040","Axiom"
"149235037","276018692","862156","17612","OraCare Health Rinse (Case of 8)","254.00","2","508.00","4/7/2026","BigCommerce - Oracare","FedEx","FedEx","Ground","380300839153","Axiom"
"149235139","276018691","862154","17612","OraCare Health Rinse (Case of 8)","254.00","2","508.00","4/7/2026","BigCommerce - Oracare","FedEx","FedEx","Ground","380300852930","Axiom"
"149235042","275984054","862145","17612","OraCare Health Rinse (Case of 8)","254.00","2","508.00","4/7/2026","BigCommerce - Oracare","FedEx","FedEx","Ground","380300840503","Axiom"
"149235033","275984049","862144","17612","OraCare Health Rinse (Case of 8)","254.00","1","254.00","4/7/2026","BigCommerce - Oracare","FedEx","FedEx","Ground","380300839337","Axiom"
"149235117","275984045","862146","17612","OraCare Health Rinse (Case of 8)","254.00","1","254.00","4/7/2026","BigCommerce - Oracare","FedEx","FedEx","Ground","380300850489","Axiom"
"156804706","289972981","863369","17613","FREE CASE- OraCare Health Rinse","0.00","1","0.00","5/29/2026","BigCommerce - Oracare","FedEx","FedEx","Ground","381677036320","Axiom"
"156643551","289874893","863347","17613","FREE CASE- OraCare Health Rinse","0.00","1","0.00","5/28/2026","BigCommerce - Oracare","FedEx","FedEx","Ground","381649692257","Axiom"
"156643566","289874885","863352","17613","FREE CASE- OraCare Health Rinse","0.00","3","0.00","5/28/2026","BigCommerce - Oracare","FedEx","FedEx","Ground","381649694021","Axiom"
"156643581","289874881","863348","17613","FREE CASE- OraCare Health Rinse","0.00","2","0.00","5/28/2026","BigCommerce - Oracare","FedEx","FedEx","Ground","381649698440","Axiom"
"156643545","289839399","863340","17613","FREE CASE- OraCare Health Rinse","0.00","3","0.00","5/28/2026","BigCommerce - Oracare","FedEx","FedEx","Ground","381649689880","Axiom"
"156643537","289839396","863342","17613","FREE CASE- OraCare Health Rinse","0.00","1","0.00","5/28/2026","BigCommerce - Oracare","FedEx","FedEx","Ground","381649689813","Axiom"
"157344391","291029578","863414","17613","FREE CASE- OraCare Health Rinse","0.00","1","0.00","6/2/2026","BigCommerce - Oracare","FedEx","FedEx","Ground","381758489973","Axiom"
"157344559","291029554","863411","17613","FREE CASE- OraCare Health Rinse","0.00","10","0.00","6/2/2026","BigCommerce - Oracare","FedEx","FedEx","Ground","381758502139","Axiom"
"157344435","290957651","863407","17613","FREE CASE- OraCare Health Rinse","0.00","1","0.00","6/2/2026","BigCommerce - Oracare","FedEx","FedEx","Ground","381758492476","Axiom"
"157344481","290957647","863408","17613","FREE CASE- OraCare Health Rinse","0.00","1","0.00","6/2/2026","BigCommerce - Oracare","FedEx","FedEx","Ground","381758498853","Axiom"
"157344439","290957632","863409","17613","FREE CASE- OraCare Health Rinse","0.00","1","0.00","6/2/2026","BigCommerce - Oracare","FedEx","FedEx","Ground Hm","381758492888","Axiom"
"157125068","290877892","863401","17613","FREE CASE- OraCare Health Rinse","0.00","1","0.00","6/1/2026","BigCommerce - Oracare","FedEx","FedEx","Ground","381727298322","Axiom"
"157124939","290877885","863395","17613","FREE CASE- OraCare Health Rinse","0.00","3","0.00","6/1/2026","BigCommerce - Oracare","FedEx","FedEx","Ground","381727284083","Axiom"
"157124689","290877879","863402","17613","FREE CASE- OraCare Health Rinse","0.00","10","0.00","6/1/2026","BigCommerce - Oracare","FedEx","FedEx","Ground Hm","381727245796","Axiom"
"157124640","290831416","863390","17613","FREE CASE- OraCare Health Rinse","0.00","1","0.00","6/1/2026","BigCommerce - Oracare","FedEx","FedEx","Ground","381727247218","Axiom"
"157124701","290831407","863391","17613","FREE CASE- OraCare Health Rinse","0.00","1","0.00","6/1/2026","BigCommerce - Oracare","FedEx","FedEx","Ground","381727254058","Axiom"
"157124656","290831401","863393","17613","FREE CASE- OraCare Health Rinse","0.00","1","0.00","6/1/2026","BigCommerce - Oracare","FedEx","FedEx","Ground","381727249942","Axiom"
"156643553","289839404","863344","17914","PPR- PreRinse (Case of 3)","134.00","5","670.00","5/28/2026","BigCommerce - Oracare","FedEx","FedEx","Ground","381649689066","Axiom"
"156643524","289711329","863336","17914","PPR- PreRinse (Case of 3)","134.00","1","134.00","5/28/2026","BigCommerce - Oracare","FedEx","FedEx","Ground","381649688130","Axiom"
"156452639","289588186","863319","17914","PPR- PreRinse (Case of 3)","134.00","2","268.00","5/27/2026","BigCommerce - Oracare","FedEx","FedEx","Ground","381619690630","Axiom"
"156452548","289588174","863326","17914","PPR- PreRinse (Case of 3)","134.00","1","134.00","5/27/2026","BigCommerce - Oracare","FedEx","FedEx","Ground Hm","381619690847","Axiom"
"156452677","289349488","863305","17914","PPR- PreRinse (Case of 3)","134.00","1","134.00","5/27/2026","BigCommerce - Oracare","FedEx","FedEx","Ground","381619702329","Axiom"
"156227664","289240276","863265","17914","FREE CASE-  PPR- PreRinse","0.00","1","0.00","5/26/2026","BigCommerce - Oracare","FedEx","FedEx","Ground","381583753325","Axiom"
"154697649","285937266","863038","17914","PPR- PreRinse (Case of 3)","134.00","1","134.00","5/14/2026","BigCommerce - Oracare","FedEx","FedEx","Ground Hm","381313231520","Axiom"
"156227666","288971846","863256","17914","PPR- PreRinse (Case of 3)","134.00","1","134.00","5/26/2026","BigCommerce - Oracare","FedEx","FedEx","Ground Hm","381583754402","Axiom"
"155538761","287495794","863180","17914","PPR- PreRinse (Case of 3)","134.00","1","134.00","5/20/2026","BigCommerce - Oracare","FedEx","FedEx","Ground Hm","381460987715","Axiom"
"155343939","287321121","863151","17914","PPR- PreRinse (Case of 3)","134.00","1","134.00","5/19/2026","BigCommerce - Oracare","FedEx","FedEx","Ground","381428126075","Axiom"
"154853103","286368416","863109","17914","FREE CASE-  PPR- PreRinse","0.00","1","0.00","5/15/2026","BigCommerce - Oracare","FedEx","FedEx","Ground Hm","381341667316","Axiom"
"154853168","286361842","863099","17914","PPR- PreRinse (Case of 3)","134.00","1","134.00","5/15/2026","BigCommerce - Oracare","FedEx","FedEx","Ground","381341675439","Axiom"
"152293760","281838154","862633","17914","PPR- PreRinse (Case of 3)","134.00","1","134.00","4/28/2026","BigCommerce - Oracare","FedEx","FedEx","Ground","380879967900","Axiom"
"153870955","284675320","862918","17914","FREE CASE-  PPR- PreRinse","0.00","3","0.00","5/8/2026","BigCommerce - Oracare","FedEx","FedEx","Ground","381165143887","Axiom"
"153703835","284121948","862865","17914","PPR- PreRinse (Case of 3)","120.60","1","120.60","5/7/2026","BigCommerce - Oracare","FedEx","FedEx","Ground","381134267502","Axiom"
"153703719","284121931","862868","17914","PPR- PreRinse (Case of 3)","120.60","2","241.20","5/7/2026","BigCommerce - Oracare","FedEx","FedEx","Ground","381134253594","Axiom"
"156227895","289239521","863266","17914","PPR- PreRinse (Case of 3)","134.00","3","402.00","5/26/2026","BigCommerce - Oracare","FedEx","FedEx","Ground","381583773202","Axiom"
"156227698","289239502","863265","17914","PPR- PreRinse (Case of 3)","134.00","1","134.00","5/26/2026","BigCommerce - Oracare","FedEx","FedEx","Ground","381583757982","Axiom"
"149235101","275984041","862143","17612","OraCare Health Rinse (Case of 8)","254.00","1","254.00","4/7/2026","BigCommerce - Oracare","FedEx","FedEx","Ground","380300845733","Axiom"
"149235089","275984038","862142","17612","OraCare Health Rinse (Case of 8)","254.00","1","254.00","4/7/2026","BigCommerce - Oracare","FedEx","FedEx","Ground","380300847655","Axiom"
"149235081","275984034","862140","17612","OraCare Health Rinse (Case of 8)","254.00","2","508.00","4/7/2026","BigCommerce - Oracare","FedEx","FedEx","Ground","380300844807","Axiom"
"149235071","275984032","862139","17612","OraCare Health Rinse (Case of 8)","254.00","3","762.00","4/7/2026","BigCommerce - Oracare","FedEx","FedEx","Ground","380300836614","Axiom"
"149235047","275984030","862141","17612","OraCare Health Rinse (Case of 8)","254.00","4","1016.00","4/7/2026","BigCommerce - Oracare","FedEx","FedEx","Ground","380300836853","Axiom"
"149016359","275949062","862135","17612","OraCare Health Rinse (Case of 8)","254.00","3","762.00","4/6/2026","BigCommerce - Oracare","FedEx","FedEx","Ground","380262048232","Axiom"
"149016313","275949058","862138","17612","OraCare Health Rinse (Case of 8)","254.00","1","254.00","4/6/2026","BigCommerce - Oracare","FedEx","FedEx","Ground","380262047144","Axiom"
"149016299","275949056","862136","17612","OraCare Health Rinse (Case of 8)","254.00","1","254.00","4/6/2026","BigCommerce - Oracare","FedEx","FedEx","Ground","380262044307","Axiom"
"149016455","275917950","862125","17612","OraCare Health Rinse (Case of 8)","127.00","2","254.00","4/6/2026","BigCommerce - Oracare","FedEx","FedEx","Ground","380262057281","Axiom"
"149016432","275883134","862120","17612","OraCare Health Rinse (Case of 8)","254.00","2","508.00","4/6/2026","BigCommerce - Oracare","FedEx","FedEx","Ground Hm","380262054926","Axiom"
"149016406","275883133","862122","17612","OraCare Health Rinse (Case of 8)","254.00","5","1270.00","4/6/2026","BigCommerce - Oracare","FedEx","FedEx","Ground","380262048910","Axiom"
"149016343","275883132","862122","17612","OraCare Health Rinse (Case of 8)","0.00","1","0.00","4/6/2026","BigCommerce - Oracare","FedEx","FedEx","Ground","380262049559","Axiom"
"149016327","275883131","862124","17612","OraCare Health Rinse (Case of 8)","254.00","5","1270.00","4/6/2026","BigCommerce - Oracare","FedEx","FedEx","Ground","380262044226","Axiom"
"149016377","275883130","862124","17612","OraCare Health Rinse (Case of 8)","0.00","1","0.00","4/6/2026","BigCommerce - Oracare","FedEx","FedEx","Ground","380262050335","Axiom"
"150440962","278477304","862368","17612","OraCare Health Rinse (Case of 8)","254.00","1","254.00","4/15/2026","BigCommerce - Oracare","FedEx","FedEx","Ground","380530929440","Axiom"
"150440954","278477301","862366","17612","OraCare Health Rinse (Case of 8)","254.00","4","1016.00","4/15/2026","BigCommerce - Oracare","FedEx","FedEx","Ground","380530926511","Axiom"
"150440926","278477298","862362","17612","OraCare Health Rinse (Case of 8)","254.00","4","1016.00","4/15/2026","BigCommerce - Oracare","FedEx","FedEx","Ground","380530921965","Axiom"
"155849555","288180895","863242","17914","PPR- PreRinse (Case of 3)","134.00","1","134.00","5/22/2026","BigCommerce - Oracare","FedEx","FedEx","Ground","381516209328","Axiom"
"155849560","288084549","863231","17914","PPR- PreRinse (Case of 3)","134.00","2","268.00","5/22/2026","BigCommerce - Oracare","FedEx","FedEx","Ground","381516209523","Axiom"
"155849580","288041392","863229","17914","PPR- PreRinse (Case of 3)","134.00","1","134.00","5/22/2026","BigCommerce - Oracare","FedEx","FedEx","Ground","381516213294","Axiom"
"155538774","287495803","863186","17914","PPR- PreRinse (Case of 3)","0.00","2","0.00","5/20/2026","BigCommerce - Oracare","FedEx","FedEx","Ground","381460989442","Axiom"
"155538827","287463882","863178","17914","PPR- PreRinse (Case of 3)","134.00","2","268.00","5/20/2026","BigCommerce - Oracare","FedEx","FedEx","Ground Hm","381460998664","Axiom"
"155343952","287410100","863165","17914","PPR- PreRinse (Case of 3)","134.00","2","268.00","5/19/2026","BigCommerce - Oracare","FedEx","FedEx","Ground","381428125892","Axiom"
"155343935","287410097","863162","17914","PPR- PreRinse (Case of 3)","134.00","1","134.00","5/19/2026","BigCommerce - Oracare","FedEx","FedEx","Ground","381428125859","Axiom"
"155343924","287410091","863161","17914","PPR- PreRinse (Case of 3)","0.00","1","0.00","5/19/2026","BigCommerce - Oracare","FedEx","FedEx","Ground","381428122345","Axiom"
"155343950","287330163","863152","17914","PPR- PreRinse (Case of 3)","134.00","1","134.00","5/19/2026","BigCommerce - Oracare","FedEx","FedEx","Ground","381428128034","Axiom"
"155144031","286489418","863128","17914","PPR- PreRinse (Case of 3)","120.60","2","241.20","5/18/2026","BigCommerce - Oracare","FedEx","FedEx","Ground","381394398090","Axiom"
"154853143","286361899","863109","17914","PPR- PreRinse (Case of 3)","134.00","1","134.00","5/15/2026","BigCommerce - Oracare","FedEx","FedEx","Ground","381341672267","Axiom"
"154853116","286361862","863098","17914","PPR- PreRinse (Case of 3)","134.00","1","134.00","5/15/2026","BigCommerce - Oracare","FedEx","FedEx","Ground","381341670540","Axiom"
"154697552","286100679","863057","17914","PPR- PreRinse (Case of 3)","134.00","1","134.00","5/14/2026","BigCommerce - Oracare","FedEx","FedEx","Ground","381313219449","Axiom"
"154697539","286078137","863055","17914","PPR- PreRinse (Case of 3)","134.00","2","268.00","5/14/2026","BigCommerce - Oracare","FedEx","FedEx","Ground","381313214620","Axiom"
"152064112","281073346","862604","17914","PPR- PreRinse (Case of 3)","134.00","1","134.00","4/27/2026","BigCommerce - Oracare","FedEx","FedEx","Ground Hm","380840874510","Axiom"
"154547272","285868638","863025","17914","PPR- PreRinse (Case of 3)","134.00","1","134.00","5/13/2026","BigCommerce - Oracare","FedEx","FedEx","Ground","381285055091","Axiom"
"154547496","285719418","862995","17914","PPR- PreRinse (Case of 3)","134.00","1","134.00","5/13/2026","BigCommerce - Oracare","FedEx","FedEx","Ground","381285068460","Axiom"
"154375355","285615948","862978","17914","FREE CASE-  PPR- PreRinse","0.00","1","0.00","5/12/2026","BigCommerce - Oracare","FedEx","FedEx","Ground","381253854702","Axiom"
"154375330","285615940","862978","17914","PPR- PreRinse (Case of 3)","120.60","1","120.60","5/12/2026","BigCommerce - Oracare","FedEx","FedEx","Ground","381253848590","Axiom"
"151775460","280854002","862573","17914","PPR- PreRinse (Case of 3)","134.00","1","134.00","4/24/2026","BigCommerce - Oracare","FedEx","FedEx","2day","380785453009","Axiom"
"154375322","285570149","862965","17914","PPR- PreRinse (Case of 3)","134.00","2","268.00","5/12/2026","BigCommerce - Oracare","FedEx","FedEx","Ground","381253846038","Axiom"
"151775582","280819588","862570","17914","PPR- PreRinse (Case of 3)","134.00","2","268.00","4/24/2026","BigCommerce - Oracare","FedEx","FedEx","2day","380785472092","Axiom"
"154375305","285370590","862947","17914","PPR- PreRinse (Case of 3)","134.00","1","134.00","5/12/2026","BigCommerce - Oracare","FedEx","FedEx","Ground","381253844506","Axiom"
"154163780","285301121","862943","17914","PPR- PreRinse (Case of 3)","134.00","1","134.00","5/11/2026","BigCommerce - Oracare","FedEx","FedEx","Ground","381217883814","Axiom"
"154163751","284741137","862927","17914","PPR- PreRinse (Case of 3)","0.00","1","0.00","5/11/2026","BigCommerce - Oracare","FedEx","FedEx","Ground","381217881307","Axiom"
"153870970","284694884","862920","17914","PPR- PreRinse (Case of 3)","134.00","3","402.00","5/8/2026","BigCommerce - Oracare","FedEx","FedEx","Ground","381165146989","Axiom"
"153870939","284674973","862918","17914","PPR- PreRinse (Case of 3)","134.00","12","1608.00","5/8/2026","BigCommerce - Oracare","FedEx","FedEx","Ground","381165135098","Axiom"
"153870921","284542254","862915","17914","PPR- PreRinse (Case of 3)","134.00","1","134.00","5/8/2026","BigCommerce - Oracare","FedEx","FedEx","Ground","381165138432","Axiom"
"151614648","280508604","862545","17914","PPR- PreRinse (Case of 3)","134.00","2","268.00","4/23/2026","BigCommerce - Oracare","FedEx","FedEx","Ground","380755272602","Axiom"
"153870924","284489137","862905","17914","PPR- PreRinse (Case of 3)","134.00","1","134.00","5/8/2026","BigCommerce - Oracare","FedEx","FedEx","Ground","381165139748","Axiom"
"151447378","280357303","862518","17914","PPR- PreRinse (Case of 3)","134.00","1","134.00","4/22/2026","BigCommerce - Oracare","FedEx","FedEx","Ground Hm","380722750014","Axiom"
"151447413","280344764","862514","17914","PPR- PreRinse (Case of 3)","120.60","2","241.20","4/22/2026","BigCommerce - Oracare","FedEx","FedEx","Ground","380722755200","Axiom"
"153703741","284377696","862888","17914","PPR- PreRinse (Case of 3)","134.00","1","134.00","5/7/2026","BigCommerce - Oracare","FedEx","FedEx","Ground","381134257464","Axiom"
"151447373","280277750","862511","17914","PPR- PreRinse (Case of 3)","120.60","1","120.60","4/22/2026","BigCommerce - Oracare","FedEx","FedEx","Ground","380722749547","Axiom"
"151447375","280209903","862507","17914","PPR- PreRinse (Case of 3)","134.00","1","134.00","4/22/2026","BigCommerce - Oracare","FedEx","FedEx","Ground","380722750698","Axiom"
"151277505","280126657","862490","17914","PPR- PreRinse (Case of 3)","134.00","1","134.00","4/21/2026","BigCommerce - Oracare","FedEx","FedEx","Ground","380691682390","Axiom"
"151277416","280126638","862489","17914","PPR- PreRinse (Case of 3)","134.00","1","134.00","4/21/2026","BigCommerce - Oracare","FedEx","FedEx","Ground","380691677427","Axiom"
"151277385","280126632","862488","17914","PPR- PreRinse (Case of 3)","134.00","1","134.00","4/21/2026","BigCommerce - Oracare","FedEx","FedEx","Ground","380691675869","Axiom"
"157506298","291816802","863458","18795","OraPro Paste Peppermint (Case of 12)","180.00","4","720.00","6/3/2026","BigCommerce - Oracare","FedEx","FedEx","Ground","381784501184","Axiom"
"151447445","280402865","862531","18795","OraPro Paste Peppermint (Case of 12)","180.00","1","180.00","4/22/2026","BigCommerce - Oracare","FedEx","FedEx","Ground","380722759000","Axiom"
"151447440","280158350","862499","18795","OraPro Paste Peppermint (Case of 12)","180.00","1","180.00","4/22/2026","BigCommerce - Oracare","FedEx","FedEx","Ground","380722759581","Axiom"
"150752709","278852104","862426","18795","OraPro Paste Peppermint (Case of 12)","180.00","1","180.00","4/17/2026","BigCommerce - Oracare","FedEx","FedEx","Ground","380594146270","Axiom"
"155849565","288119868","863238","18795","OraPro Paste Peppermint (Case of 12)","180.00","1","180.00","5/22/2026","BigCommerce - Oracare","FedEx","FedEx","2day","381516211100","Axiom"
"155144077","287059219","863134","18795","OraPro Paste Peppermint (Case of 12)","180.00","1","180.00","5/18/2026","BigCommerce - Oracare","FedEx","FedEx","Ground","381394408532","Axiom"
"154375342","285615942","862981","18795","OraPro Paste Peppermint (Case of 12)","180.00","1","180.00","5/12/2026","BigCommerce - Oracare","FedEx","FedEx","Ground","381253850523","Axiom"
"154375337","285370592","862947","18795","OraPro Paste Peppermint (Case of 12)","180.00","1","180.00","5/12/2026","BigCommerce - Oracare","FedEx","FedEx","Ground","381253849298","Axiom"
"153870898","284524659","862912","18795","OraPro Paste Peppermint (Case of 12)","180.00","1","180.00","5/8/2026","BigCommerce - Oracare","FedEx","FedEx","Ground","381165133669","Axiom"
"153870919","284489135","862906","18795","OraPro Paste Peppermint (Case of 12)","180.00","1","180.00","5/8/2026","BigCommerce - Oracare","FedEx","FedEx","Ground Hm","381165137344","Axiom"
"153703619","284151280","862834","18795","OraPro Paste Peppermint (Case of 12)","180.00","1","180.00","5/7/2026","BigCommerce - Oracare","FedEx","FedEx","Ground","381134247095","Axiom"
"152475343","282248173","862659","18795","OraPro Paste Peppermint (Case of 12)","180.00","1","180.00","4/29/2026","BigCommerce - Oracare","FedEx","FedEx","Ground","380913353366","Axiom"
"148743060","274863799","862112","18795","OraPro Paste Peppermint (Case of 12)","180.00","1","180.00","4/3/2026","BigCommerce - Oracare","FedEx","FedEx","Ground Hm","380212526134","Axiom"
"149235129","276018689","862155","18795","OraPro Paste Peppermint (Case of 12)","180.00","1","180.00","4/7/2026","BigCommerce - Oracare","FedEx","FedEx","Ground","380300852194","Axiom"
"149414032","276357082","862182","18795","OraPro Paste Peppermint (Case of 12)","180.00","1","180.00","4/8/2026","BigCommerce - Oracare","FedEx","FedEx","Ground","380336065208","Axiom"
"150440892","278477297","862352","17612","OraCare Health Rinse (Case of 8)","254.00","3","762.00","4/15/2026","BigCommerce - Oracare","FedEx","FedEx","Ground","380530921520","Axiom"
"150441110","278477296","862367","17612","OraCare Health Rinse (Case of 8)","254.00","1","254.00","4/15/2026","BigCommerce - Oracare","FedEx","FedEx","Ground","380530947233","Axiom"
"150441105","278477294","862363","17612","OraCare Health Rinse (Case of 8)","254.00","2","508.00","4/15/2026","BigCommerce - Oracare","FedEx","FedEx","Ground","380530945469","Axiom"
"150441088","278477292","862364","17612","OraCare Health Rinse (Case of 8)","254.00","3","762.00","4/15/2026","BigCommerce - Oracare","FedEx","FedEx","Ground","380530938950","Axiom"
"150441064","278477289","862359","17612","OraCare Health Rinse (Case of 8)","254.00","8","2032.00","4/15/2026","BigCommerce - Oracare","FedEx","FedEx","Ground","380530936854","Axiom"
"150441019","278477287","862355","17612","OraCare Health Rinse (Case of 8)","254.00","1","254.00","4/15/2026","BigCommerce - Oracare","FedEx","FedEx","Ground","380530934575","Axiom"
"150441001","278477283","862361","17612","OraCare Health Rinse (Case of 8)","254.00","3","762.00","4/15/2026","BigCommerce - Oracare","FedEx","FedEx","Ground","380530934358","Axiom"
"150441127","278249345","862317","17612","OraCare Health Rinse (Case of 8)","0.00","4","0.00","4/15/2026","BigCommerce - Oracare","FedEx","FedEx","Ground","380530944900","Axiom"
"150441135","278249348","862319","17612","OraCare Health Rinse (Case of 8)","254.00","1","254.00","4/15/2026","BigCommerce - Oracare","FedEx","FedEx","Ground","380530949203","Axiom"
"150440961","278458473","862345","17612","FREE CASE- OraCare Health Rinse","0.00","1","0.00","4/15/2026","BigCommerce - Oracare","FedEx","FedEx","Ground","380530928363","Axiom"
"150441153","278249350","862316","17612","OraCare Health Rinse (Case of 8)","254.00","3","762.00","4/15/2026","BigCommerce - Oracare","FedEx","FedEx","Ground","380530950593","Axiom"
"150441178","278258870","862321","17612","OraCare Health Rinse (Case of 8)","254.00","5","1270.00","4/15/2026","BigCommerce - Oracare","FedEx","FedEx","Ground","380530952026","Axiom"
"150440894","278278773","862324","17612","OraCare Health Rinse (Case of 8)","254.00","3","762.00","4/15/2026","BigCommerce - Oracare","FedEx","FedEx","Ground","380530920579","Axiom"
"150440904","278278775","862325","17612","OraCare Health Rinse (Case of 8)","0.00","1","0.00","4/15/2026","BigCommerce - Oracare","FedEx","FedEx","Ground","380530923269","Axiom"
"150440943","278278776","862325","17612","OraCare Health Rinse (Case of 8)","254.00","5","1270.00","4/15/2026","BigCommerce - Oracare","FedEx","FedEx","Ground","380530923317","Axiom"
"150441014","278425842","862338","17612","OraCare Health Rinse (Case of 8)","254.00","5","1270.00","4/15/2026","BigCommerce - Oracare","FedEx","FedEx","Ground","380530933340","Axiom"
"150440977","278425841","862338","17612","OraCare Health Rinse (Case of 8)","0.00","1","0.00","4/15/2026","BigCommerce - Oracare","FedEx","FedEx","Ground","380530931186","Axiom"
"150440970","278425840","862337","17612","OraCare Health Rinse (Case of 8)","228.60","5","1143.00","4/15/2026","BigCommerce - Oracare","FedEx","FedEx","Ground","380530928672","Axiom"
"150440941","278425839","862337","17612","OraCare Health Rinse (Case of 8)","0.00","1","0.00","4/15/2026","BigCommerce - Oracare","FedEx","FedEx","Ground","380530926224","Axiom"
"150440934","278404178","862335","17612","OraCare Health Rinse (Case of 8)","254.00","5","1270.00","4/15/2026","BigCommerce - Oracare","FedEx","FedEx","Ground","380530919792","Axiom"
"150440899","278404176","862335","17612","OraCare Health Rinse (Case of 8)","0.00","1","0.00","4/15/2026","BigCommerce - Oracare","FedEx","FedEx","Ground","380530922582","Axiom"
"150440889","278392062","862334","17612","OraCare Health Rinse (Case of 8)","254.00","1","254.00","4/15/2026","BigCommerce - Oracare","FedEx","FedEx","Ground","380530920101","Axiom"
"150441200","278258875","862320","17612","OraCare Health Rinse (Case of 8)","254.00","3","762.00","4/15/2026","BigCommerce - Oracare","FedEx","FedEx","Ground","380530958399","Axiom"
"150441187","278258874","862322","17612","OraCare Health Rinse (Case of 8)","254.00","1","254.00","4/15/2026","BigCommerce - Oracare","FedEx","FedEx","Ground","380530956812","Axiom"
"150440938","278223500","862314","17612","OraCare Health Rinse (Case of 8)","0.00","3","0.00","4/15/2026","BigCommerce - Oracare","FedEx","FedEx","Ground","380530925548","Axiom"
"150440900","278198679","862309","17612","OraCare Health Rinse (Case of 8)","254.00","1","254.00","4/15/2026","BigCommerce - Oracare","FedEx","FedEx","Ground","380530922870","Axiom"
"150240696","278139548","862305","17612","OraCare Health Rinse (Case of 8)","228.60","12","2743.20","4/14/2026","BigCommerce - Oracare","FedEx","FedEx","Ground","380495428261","Axiom"
"150240640","278139546","862305","17612","OraCare Health Rinse (Case of 8)","0.00","3","0.00","4/14/2026","BigCommerce - Oracare","FedEx","FedEx","Ground","380495424900","Axiom"
"150240624","278139543","862302","17612","OraCare Health Rinse (Case of 8)","254.00","5","1270.00","4/14/2026","BigCommerce - Oracare","FedEx","FedEx","Ground Hm","380495420580","Axiom"
"150240625","278139542","862302","17612","OraCare Health Rinse (Case of 8)","0.00","1","0.00","4/14/2026","BigCommerce - Oracare","FedEx","FedEx","Ground Hm","380495423741","Axiom"
"150240620","278139541","862303","17612","OraCare Health Rinse (Case of 8)","254.00","2","508.00","4/14/2026","BigCommerce - Oracare","FedEx","FedEx","Ground","380495422789","Axiom"
"150240598","278139540","862301","17612","OraCare Health Rinse (Case of 8)","254.00","1","254.00","4/14/2026","BigCommerce - Oracare","FedEx","FedEx","Ground","380495421679","Axiom"
"150240596","277913630","862288","17612","OraCare Health Rinse (Case of 8)","254.00","1","254.00","4/14/2026","BigCommerce - Oracare","FedEx","FedEx","Ground","380495421278","Axiom"
"150240578","277913626","862289","17612","OraCare Health Rinse (Case of 8)","254.00","1","254.00","4/14/2026","BigCommerce - Oracare","FedEx","FedEx","Ground","380495420293","Axiom"
"157124591","290805758","863389","17613","FREE CASE- OraCare Health Rinse","0.00","1","0.00","6/1/2026","BigCommerce - Oracare","FedEx","FedEx","Ground","381727236736","Axiom"
"157124634","290237487","863384","17613","FREE CASE- OraCare Health Rinse","0.00","1","0.00","6/1/2026","BigCommerce - Oracare","FedEx","FedEx","Ground","381727246130","Axiom"
"157124697","290237483","863385","17613","FREE CASE- OraCare Health Rinse","0.00","1","0.00","6/1/2026","BigCommerce - Oracare","FedEx","FedEx","Ground","381727254518","Axiom"
"157124643","290198110","863380","17613","FREE CASE- OraCare Health Rinse","0.00","1","0.00","6/1/2026","BigCommerce - Oracare","FedEx","FedEx","Ground","381727246380","Axiom"
"157124711","290166995","863379","17613","FREE CASE- OraCare Health Rinse","0.00","1","0.00","6/1/2026","BigCommerce - Oracare","FedEx","FedEx","Ground","381727257892","Axiom"
"157124666","290166988","863378","17613","FREE CASE- OraCare Health Rinse","0.00","1","0.00","6/1/2026","BigCommerce - Oracare","FedEx","FedEx","Ground","381727251714","Axiom"
"157506395","291877959","863470","17613","FREE CASE- OraCare Health Rinse","0.00","1","0.00","6/3/2026","BigCommerce - Oracare","FedEx","FedEx","Ground","381784515478","Axiom"
"157506323","291877953","863468","17613","FREE CASE- OraCare Health Rinse","0.00","3","0.00","6/3/2026","BigCommerce - Oracare","FedEx","FedEx","Ground","381784504139","Axiom"
"157506358","291836118","863464","17613","FREE CASE- OraCare Health Rinse","0.00","1","0.00","6/3/2026","BigCommerce - Oracare","FedEx","FedEx","Ground","381784509461","Axiom"
"157506336","291816798","863458","17613","FREE CASE- OraCare Health Rinse","0.00","1","0.00","6/3/2026","BigCommerce - Oracare","FedEx","FedEx","Ground","381784507160","Axiom"
"157506305","291816793","863460","17613","FREE CASE- OraCare Health Rinse","0.00","1","0.00","6/3/2026","BigCommerce - Oracare","FedEx","FedEx","Ground","381784504183","Axiom"
"157506303","291460019","863445","17613","FREE CASE- OraCare Health Rinse","0.00","1","0.00","6/3/2026","BigCommerce - Oracare","FedEx","FedEx","Ground","381784503235","Axiom"
"157506246","291460012","863446","17613","FREE CASE- OraCare Health Rinse","0.00","1","0.00","6/3/2026","BigCommerce - Oracare","FedEx","FedEx","Ground","381784494774","Axiom"
"157506311","291398870","863441","17613","FREE CASE- OraCare Health Rinse","0.00","1","0.00","6/3/2026","BigCommerce - Oracare","FedEx","FedEx","Ground","381784503419","Axiom"
"157506244","291398867","863442","17613","FREE CASE- OraCare Health Rinse","0.00","1","0.00","6/3/2026","BigCommerce - Oracare","FedEx","FedEx","Ground","381784496137","Axiom"
"157506472","291398851","863436","17613","FREE CASE- OraCare Health Rinse","0.00","3","0.00","6/3/2026","BigCommerce - Oracare","FedEx","FedEx","Ground","381784522263","Axiom"
"157506334","291398847","863437","17613","FREE CASE- OraCare Health Rinse","0.00","10","0.00","6/3/2026","BigCommerce - Oracare","FedEx","FedEx","Ground","381784500453","Axiom"
"149580706","276672463","862211","18795","OraPro Paste Peppermint (Case of 12)","180.00","1","180.00","4/9/2026","BigCommerce - Oracare","FedEx","FedEx","Ground","380369063413","Axiom"
"149580688","276689247","862213","18795","OraPro Paste Peppermint (Case of 12)","180.00","1","180.00","4/9/2026","BigCommerce - Oracare","FedEx","FedEx","Ground","380369058080","Axiom"
"149580696","276705253","862217","18795","OraPro Paste Peppermint (Case of 12)","180.00","1","180.00","4/9/2026","BigCommerce - Oracare","FedEx","FedEx","Ground","380369061969","Axiom"
"149724626","276954158","862249","18795","OraPro Paste Peppermint (Case of 12)","180.00","1","180.00","4/10/2026","BigCommerce - Oracare","FedEx","FedEx","Ground","380398435752","Axiom"
"150752731","278827993","862419","18795","OraPro Paste Peppermint (Case of 12)","180.00","1","180.00","4/17/2026","BigCommerce - Oracare","FedEx","FedEx","Ground","380594147986","Axiom"
"151447439","280209901","862506","18795","OraPro Paste Peppermint (Case of 12)","180.00","1","180.00","4/22/2026","BigCommerce - Oracare","FedEx","FedEx","Ground","380722756641","Axiom"
"154163752","285070329","862939","18795","OraPro Paste Peppermint (Case of 12)","180.00","1","180.00","5/11/2026","BigCommerce - Oracare","FedEx","FedEx","Ground Hm","381217882050","Axiom"
"157506293","291857075","863465","18795","OraPro Paste Peppermint (Case of 12)","180.00","1","180.00","6/3/2026","BigCommerce - Oracare","FedEx","FedEx","Ground","381784500659","Axiom"
"157506344","291836111","863461","18795","OraPro Paste Peppermint (Case of 12)","180.00","1","180.00","6/3/2026","BigCommerce - Oracare","FedEx","FedEx","Ground","381784508730","Axiom"
"157506527","291398863","863435","18795","OraPro Paste Peppermint (Case of 12)","180.00","1","180.00","6/3/2026","BigCommerce - Oracare","FedEx","FedEx","Ground","381784534933","Axiom"
"157344562","291029559","863411","18795","OraPro Paste Peppermint (Case of 12)","180.00","1","180.00","6/2/2026","BigCommerce - Oracare","FedEx","FedEx","Ground","381758508619","Axiom"
"157344428","290934228","863405","18795","OraPro Paste Peppermint (Case of 12)","180.00","1","180.00","6/2/2026","BigCommerce - Oracare","FedEx","FedEx","Ground","381758492671","Axiom"
"156643506","289874897","863349","18795","OraPro Paste Peppermint (Case of 12)","180.00","1","180.00","5/28/2026","BigCommerce - Oracare","FedEx","FedEx","Ground","381649684260","Axiom"
"156452557","289588177","863324","18795","OraPro Paste Peppermint (Case of 12)","180.00","1","180.00","5/27/2026","BigCommerce - Oracare","FedEx","FedEx","Ground","381619692130","Axiom"
"156227865","288459856","863252","18795","OraPro Paste Peppermint (Case of 12)","180.00","1","180.00","5/26/2026","BigCommerce - Oracare","FedEx","FedEx","Ground","381583773842","Axiom"
"155144029","287059229","863135","18795","OraPro Paste Peppermint (Case of 12)","180.00","1","180.00","5/18/2026","BigCommerce - Oracare","FedEx","FedEx","Ground","381394403585","Axiom"
"148608453","274592530","862089","18795","OraPro Paste Peppermint (Case of 12)","180.00","5","900.00","4/2/2026","BigCommerce - Oracare","FedEx","FedEx","Ground","380186735317","Axiom"
"150240660","277913619","862287","17612","OraCare Health Rinse (Case of 8)","254.00","4","1016.00","4/14/2026","BigCommerce - Oracare","FedEx","FedEx","Ground Hm","380495427346","Axiom"
"150240641","277881065","862285","17612","OraCare Health Rinse (Case of 8)","254.00","2","508.00","4/14/2026","BigCommerce - Oracare","FedEx","FedEx","Ground","380495426019","Axiom"
"150240629","277881064","862284","17612","OraCare Health Rinse (Case of 8)","254.00","5","1270.00","4/14/2026","BigCommerce - Oracare","FedEx","FedEx","Ground","380495420845","Axiom"
"150240580","277881062","862284","17612","OraCare Health Rinse (Case of 8)","0.00","1","0.00","4/14/2026","BigCommerce - Oracare","FedEx","FedEx","Ground","380495420477","Axiom"
"150038077","277810947","862275","17612","OraCare Health Rinse (Case of 8)","254.00","1","254.00","4/13/2026","BigCommerce - Oracare","FedEx","FedEx","Ground","380459051320","Axiom"
"150038065","277810945","862274","17612","OraCare Health Rinse (Case of 8)","254.00","30","7620.00","4/13/2026","BigCommerce - Oracare","FedEx","FedEx","Ground","380459022724","Axiom"
"150037817","277810936","862274","17612","OraCare Health Rinse (Case of 8)","0.00","10","0.00","4/13/2026","BigCommerce - Oracare","FedEx","FedEx","Ground","380459006441","Axiom"
"150037809","277785351","862273","17612","OraCare Health Rinse (Case of 8)","254.00","5","1270.00","4/13/2026","BigCommerce - Oracare","FedEx","FedEx","Ground","380459008249","Axiom"
"150037760","277785349","862273","17612","OraCare Health Rinse (Case of 8)","0.00","1","0.00","4/13/2026","BigCommerce - Oracare","FedEx","FedEx","Ground","380459009278","Axiom"
"150037748","277601216","862272","17612","OraCare Health Rinse (Case of 8)","254.00","1","254.00","4/13/2026","BigCommerce - Oracare","FedEx","FedEx","Ground","380459007507","Axiom"
"150037801","277201922","862261","17612","OraCare Health Rinse (Case of 8)","254.00","1","254.00","4/13/2026","BigCommerce - Oracare","FedEx","FedEx","Ground","380459013042","Axiom"
"149724843","277138023","862255","17612","OraCare Health Rinse (Case of 8)","254.00","5","1270.00","4/10/2026","BigCommerce - Oracare","FedEx","FedEx","Ground","380398477770","Axiom"
"149724815","277138022","862255","17612","OraCare Health Rinse (Case of 8)","0.00","1","0.00","4/10/2026","BigCommerce - Oracare","FedEx","FedEx","Ground","380398477704","Axiom"
"149724912","277138020","862256","17612","OraCare Health Rinse (Case of 8)","254.00","12","3048.00","4/10/2026","BigCommerce - Oracare","FedEx","FedEx","Ground","380398482254","Axiom"
"149724863","277138018","862256","17612","OraCare Health Rinse (Case of 8)","0.00","3","0.00","4/10/2026","BigCommerce - Oracare","FedEx","FedEx","Ground","380398481410","Axiom"
"149724593","276954162","862247","17612","OraCare Health Rinse (Case of 8)","254.00","2","508.00","4/10/2026","BigCommerce - Oracare","FedEx","FedEx","Ground","380398428750","Axiom"
"149724622","276954155","862249","17612","OraCare Health Rinse (Case of 8)","254.00","12","3048.00","4/10/2026","BigCommerce - Oracare","FedEx","FedEx","Ground","380398426828","Axiom"
"149724601","276954151","862249","17612","OraCare Health Rinse (Case of 8)","0.00","4","0.00","4/10/2026","BigCommerce - Oracare","FedEx","FedEx","Ground","380398424652","Axiom"
"149724625","276909314","862238","17612","OraCare Health Rinse (Case of 8)","254.00","5","1270.00","4/10/2026","BigCommerce - Oracare","FedEx","FedEx","Ground","380398433690","Axiom"
"149724605","276909313","862238","17612","OraCare Health Rinse (Case of 8)","0.00","1","0.00","4/10/2026","BigCommerce - Oracare","FedEx","FedEx","Ground","380398431871","Axiom"
"149724598","276909312","862233","17612","OraCare Health Rinse (Case of 8)","254.00","5","1270.00","4/10/2026","BigCommerce - Oracare","FedEx","FedEx","Ground","380398427592","Axiom"
"149724573","276909311","862233","17612","OraCare Health Rinse (Case of 8)","0.00","1","0.00","4/10/2026","BigCommerce - Oracare","FedEx","FedEx","Ground","380398427434","Axiom"
"149580740","276858678","862227","17612","OraCare Health Rinse (Case of 8)","254.00","2","508.00","4/9/2026","BigCommerce - Oracare","FedEx","FedEx","Ground","380369066765","Axiom"
"149580719","276858673","862228","17612","OraCare Health Rinse (Case of 8)","254.00","1","254.00","4/9/2026","BigCommerce - Oracare","FedEx","FedEx","Ground","380369066710","Axiom"
"149580869","276822823","100632","17612","Case(s) of OraCare™ Oral Health Rinse","0.00","1","0.00","4/9/2026","XCart - Oracare","FedEx","FedEx","Ground","380369076847","Axiom"
"149580813","276705251","862214","17612","OraCare Health Rinse (Case of 8)","234.46","13","3047.98","4/9/2026","BigCommerce - Oracare","FedEx","FedEx","Ground","380369063906","Axiom"
"149580697","276705246","862214","17612","OraCare Health Rinse (Case of 8)","0.00","3","0.00","4/9/2026","BigCommerce - Oracare","FedEx","FedEx","Ground","380369059454","Axiom"
"149580718","276672464","862212","17612","OraCare Health Rinse (Case of 8)","0.00","3","0.00","4/9/2026","BigCommerce - Oracare","FedEx","FedEx","Ground","380369064876","Axiom"
"149580689","276624196","862206","17612","OraCare Health Rinse (Case of 8)","254.00","2","508.00","4/9/2026","BigCommerce - Oracare","FedEx","FedEx","Ground","380369059888","Axiom"
"149414094","276571626","862201","17612","OraCare Health Rinse (Case of 8)","0.00","6","0.00","4/8/2026","BigCommerce - Oracare","FedEx","FedEx","Ground","380336066605","Axiom"
"149414054","276571625","862197","17612","OraCare Health Rinse (Case of 8)","254.00","1","254.00","4/8/2026","BigCommerce - Oracare","FedEx","FedEx","Ground","380336065241","Axiom"
"149414042","276571623","862200","17612","OraCare Health Rinse (Case of 8)","254.00","1","254.00","4/8/2026","BigCommerce - Oracare","FedEx","FedEx","Ground","380336064955","Axiom"
"149414087","276549630","862196","17612","OraCare Health Rinse (Case of 8)","254.00","1","254.00","4/8/2026","BigCommerce - Oracare","FedEx","FedEx","Ground","380336068295","Axiom"
"149414051","276549628","862195","17612","OraCare Health Rinse (Case of 8)","254.00","1","254.00","4/8/2026","BigCommerce - Oracare","FedEx","FedEx","Ground","380336065826","Axiom"
"149414039","276549627","862193","17612","OraCare Health Rinse (Case of 8)","254.00","1","254.00","4/8/2026","BigCommerce - Oracare","FedEx","FedEx","Ground","380336065138","Axiom"
"149414026","276549625","862192","17612","OraCare Health Rinse (Case of 8)","254.00","5","1270.00","4/8/2026","BigCommerce - Oracare","FedEx","FedEx","Ground","380336060055","Axiom"
"149414136","276549624","862192","17612","OraCare Health Rinse (Case of 8)","0.00","1","0.00","4/8/2026","BigCommerce - Oracare","FedEx","FedEx","Ground","380336073754","Axiom"
"149414100","276524650","723145","17612","Case(s) of OraCare™ Oral Health Rinse","0.00","1","0.00","4/8/2026","XCart - Oracare","FedEx","FedEx","Ground","380336071648","Axiom"
"151045091","279757961","862450","17612","OraCare Health Rinse (Case of 8)","254.00","2","508.00","4/20/2026","BigCommerce - Oracare","FedEx","FedEx","Ground","380649469073","Axiom"
"149580702","276665978","723155","17612","Case(s) of OraCare™ Oral Health Rinse","0.00","6","0.00","4/9/2026","XCart - Oracare","FedEx","FedEx","Ground","380369058789","Axiom"
"149580864","276672466","862212","17612","OraCare Health Rinse (Case of 8)","234.46","13","3047.98","4/9/2026","BigCommerce - Oracare","FedEx","FedEx","Ground","380369068036","Axiom"
"149580856","276821953","862221","17612","OraCare Health Rinse (Case of 8)","0.00","6","0.00","4/9/2026","BigCommerce - Oracare","FedEx","FedEx","Ground","380369072841","Axiom"
"151045057","279162690","862441","17612","OraCare Health Rinse (Case of 8)","254.00","1","254.00","4/20/2026","BigCommerce - Oracare","FedEx","FedEx","Ground","380649467806","Axiom"
"149580699","276838016","862226","17612","OraCare Health Rinse (Case of 8)","254.00","1","254.00","4/9/2026","BigCommerce - Oracare","FedEx","FedEx","Ground","380369062759","Axiom"
"149580715","276838017","862224","17612","OraCare Health Rinse (Case of 8)","0.00","4","0.00","4/9/2026","BigCommerce - Oracare","FedEx","FedEx","Ground","380369063284","Axiom"
"149580736","276884502","862232","17612","OraCare Health Rinse (Case of 8)","0.00","10","0.00","4/9/2026","BigCommerce - Oracare","FedEx","FedEx","Ground","380369060745","Axiom"
"149580946","276884757","862232","17612","OraCare Health Rinse (Case of 8)","228.60","30","6858.00","4/9/2026","BigCommerce - Oracare","FedEx","FedEx","Ground","380369072234","Axiom"
"149580957","276884761","862231","17612","OraCare Health Rinse (Case of 8)","0.00","1","0.00","4/9/2026","BigCommerce - Oracare","FedEx","FedEx","Ground","380369097683","Axiom"
"149580982","276884762","862231","17612","OraCare Health Rinse (Case of 8)","254.00","5","1270.00","4/9/2026","BigCommerce - Oracare","FedEx","FedEx","Ground","380369098598","Axiom"
"149581000","276884764","862230","17612","OraCare Health Rinse (Case of 8)","0.00","3","0.00","4/9/2026","BigCommerce - Oracare","FedEx","FedEx","Ground","380369102480","Axiom"
"150752736","279019058","862432","17612","OraCare Health Rinse (Case of 8)","254.00","2","508.00","4/17/2026","BigCommerce - Oracare","FedEx","FedEx","Ground","380594148375","Axiom"
"149724606","276935220","862243","17612","OraCare Health Rinse (Case of 8)","254.00","1","254.00","4/10/2026","BigCommerce - Oracare","FedEx","FedEx","Ground","380398429209","Axiom"
"150752702","278852117","862425","17612","OraCare Health Rinse (Case of 8)","254.00","1","254.00","4/17/2026","BigCommerce - Oracare","FedEx","FedEx","Ground","380594146247","Axiom"
"150752744","278852109","862424","17612","OraCare Health Rinse (Case of 8)","254.00","5","1270.00","4/17/2026","BigCommerce - Oracare","FedEx","FedEx","Ground","380594148684","Axiom"
"150752717","278852108","862424","17612","OraCare Health Rinse (Case of 8)","0.00","1","0.00","4/17/2026","BigCommerce - Oracare","FedEx","FedEx","Ground","380594146501","Axiom"
"150752768","278852101","862426","17612","OraCare Health Rinse (Case of 8)","254.00","3","762.00","4/17/2026","BigCommerce - Oracare","FedEx","FedEx","Ground","380594152838","Axiom"
"149724572","276935225","862244","17612","OraCare Health Rinse (Case of 8)","254.00","1","254.00","4/10/2026","BigCommerce - Oracare","FedEx","FedEx","Ground","380398426644","Axiom"
"150752708","278828001","862421","17612","OraCare Health Rinse (Case of 8)","254.00","2","508.00","4/17/2026","BigCommerce - Oracare","FedEx","FedEx","Ground","380594146523","Axiom"
"150752735","278827998","862422","17612","OraCare Health Rinse (Case of 8)","254.00","1","254.00","4/17/2026","BigCommerce - Oracare","FedEx","FedEx","Ground","380594150607","Axiom"
"150752763","278827996","862420","17612","OraCare Health Rinse (Case of 8)","254.00","5","1270.00","4/17/2026","BigCommerce - Oracare","FedEx","FedEx","Ground","380594147714","Axiom"
"150752734","278827994","862420","17612","OraCare Health Rinse (Case of 8)","0.00","1","0.00","4/17/2026","BigCommerce - Oracare","FedEx","FedEx","Ground","380594150798","Axiom"
"150752732","278827990","862419","17612","OraCare Health Rinse (Case of 8)","228.60","2","457.20","4/17/2026","BigCommerce - Oracare","FedEx","FedEx","Ground","380594147883","Axiom"
"149724634","276954164","862246","17612","OraCare Health Rinse (Case of 8)","0.00","1","0.00","4/10/2026","BigCommerce - Oracare","FedEx","FedEx","Ground","380398431492","Axiom"
"149724658","276954165","862246","17612","OraCare Health Rinse (Case of 8)","254.00","5","1270.00","4/10/2026","BigCommerce - Oracare","FedEx","FedEx","Ground","380398436450","Axiom"
"149724575","277102405","862252","17612","OraCare Health Rinse (Case of 8)","0.00","1","0.00","4/10/2026","BigCommerce - Oracare","FedEx","FedEx","Ground","380398427103","Axiom"
"149724600","277102406","862252","17612","OraCare Health Rinse (Case of 8)","254.00","5","1270.00","4/10/2026","BigCommerce - Oracare","FedEx","FedEx","Ground","380398427272","Axiom"
"149724639","277115986","862253","17612","OraCare Health Rinse (Case of 8)","254.00","4","1016.00","4/10/2026","BigCommerce - Oracare","FedEx","FedEx","Ground","380398433337","Axiom"
"150037752","277162242","862257","17612","OraCare Health Rinse (Case of 8)","0.00","1","0.00","4/13/2026","BigCommerce - Oracare","FedEx","FedEx","Ground","380459006360","Axiom"
"150037786","277162244","862257","17612","OraCare Health Rinse (Case of 8)","254.00","5","1270.00","4/13/2026","BigCommerce - Oracare","FedEx","FedEx","Ground","380459007838","Axiom"
"150037747","277189669","862260","17612","OraCare Health Rinse (Case of 8)","0.00","1","0.00","4/13/2026","BigCommerce - Oracare","FedEx","FedEx","Ground","380459005662","Axiom"
"150037790","277189672","862260","17612","OraCare Health Rinse (Case of 8)","254.00","5","1270.00","4/13/2026","BigCommerce - Oracare","FedEx","FedEx","Ground","380459007172","Axiom"
"150037763","277220630","862265","17612","OraCare Health Rinse (Case of 8)","254.00","3","762.00","4/13/2026","BigCommerce - Oracare","FedEx","FedEx","Ground","380459005560","Axiom"
"150037774","277236153","862266","17612","OraCare Health Rinse (Case of 8)","254.00","1","254.00","4/13/2026","BigCommerce - Oracare","FedEx","FedEx","Ground","380459010570","Axiom"
"150037784","277283089","862270","17612","OraCare Health Rinse (Case of 8)","254.00","2","508.00","4/13/2026","BigCommerce - Oracare","FedEx","FedEx","Ground","380459011863","Axiom"
"150595059","278750720","862401","17612","OraCare Health Rinse (Case of 8)","228.60","3","685.80","4/16/2026","BigCommerce - Oracare","FedEx","FedEx","Ground","380562271326","Axiom"
"150594971","278750711","862402","17612","OraCare Health Rinse (Case of 8)","254.00","2","508.00","4/16/2026","BigCommerce - Oracare","FedEx","FedEx","Ground","380562252386","Axiom"
"150037746","277457471","862271","17612","OraCare Health Rinse (Case of 8)","0.00","1","0.00","4/13/2026","BigCommerce - Oracare","FedEx","FedEx","Ground","380459007415","Axiom"
"150037793","277457472","862271","17612","OraCare Health Rinse (Case of 8)","254.00","5","1270.00","4/13/2026","BigCommerce - Oracare","FedEx","FedEx","Ground","380459008396","Axiom"
"150038082","277810949","862276","17612","OraCare Health Rinse (Case of 8)","254.00","1","254.00","4/13/2026","BigCommerce - Oracare","FedEx","FedEx","Ground","380459052484","Axiom"
"150038091","277852033","862277","17612","OraCare Health Rinse (Case of 8)","254.00","1","254.00","4/13/2026","BigCommerce - Oracare","FedEx","FedEx","Ground","380459053480","Axiom"
"150038117","277852036","862279","17612","OraCare Health Rinse (Case of 8)","254.00","2","508.00","4/13/2026","BigCommerce - Oracare","FedEx","FedEx","Ground","380459054833","Axiom"
"150240618","277913635","862291","17612","OraCare Health Rinse (Case of 8)","254.00","2","508.00","4/14/2026","BigCommerce - Oracare","FedEx","FedEx","Ground","380495421430","Axiom"
"150240623","277941531","862294","17612","OraCare Health Rinse (Case of 8)","254.00","1","254.00","4/14/2026","BigCommerce - Oracare","FedEx","FedEx","Ground","380495423075","Axiom"
"150240599","277941533","862292","17612","OraCare Health Rinse (Case of 8)","228.60","2","457.20","4/14/2026","BigCommerce - Oracare","FedEx","FedEx","Ground","380495420775","Axiom"
"150594972","278702533","862391","17612","OraCare Health Rinse (Case of 8)","254.00","2","508.00","4/16/2026","BigCommerce - Oracare","FedEx","FedEx","Ground","380562252445","Axiom"
"150595055","278702528","862389","17612","OraCare Health Rinse (Case of 8)","254.00","5","1270.00","4/16/2026","BigCommerce - Oracare","FedEx","FedEx","Ground","380562268709","Axiom"
"150595038","278702324","862389","17612","OraCare Health Rinse (Case of 8)","0.00","1","0.00","4/16/2026","BigCommerce - Oracare","FedEx","FedEx","Ground","380562267297","Axiom"
"150594974","278583899","862388","17612","OraCare Health Rinse (Case of 8)","254.00","1","254.00","4/16/2026","BigCommerce - Oracare","FedEx","FedEx","Ground","380562254150","Axiom"
"150594968","278583898","862387","17612","OraCare Health Rinse (Case of 8)","254.00","1","254.00","4/16/2026","BigCommerce - Oracare","FedEx","FedEx","Ground","380562251254","Axiom"
"150595035","278558694","862384","17612","OraCare Health Rinse (Case of 8)","254.00","2","508.00","4/16/2026","BigCommerce - Oracare","FedEx","FedEx","Ground","380562265401","Axiom"
"150240619","277965413","862296","17612","OraCare Health Rinse (Case of 8)","254.00","2","508.00","4/14/2026","BigCommerce - Oracare","FedEx","FedEx","Ground","380495421234","Axiom"
"150240630","278099691","862297","17612","OraCare Health Rinse (Case of 8)","254.00","2","508.00","4/14/2026","BigCommerce - Oracare","FedEx","FedEx","Ground","380495423086","Axiom"
"150240636","278117592","862300","17612","OraCare Health Rinse (Case of 8)","254.00","1","254.00","4/14/2026","BigCommerce - Oracare","FedEx","FedEx","Ground","380495425078","Axiom"
"150240716","278139554","862307","17612","OraCare Health Rinse (Case of 8)","254.00","3","762.00","4/14/2026","BigCommerce - Oracare","FedEx","FedEx","Ground","380495434407","Axiom"
"150240577","278139558","862306","17612","OraCare Health Rinse (Case of 8)","0.00","1","0.00","4/14/2026","BigCommerce - Oracare","FedEx","FedEx","Ground","380495420000","Axiom"
"150240626","278139559","862306","17612","OraCare Health Rinse (Case of 8)","254.00","5","1270.00","4/14/2026","BigCommerce - Oracare","FedEx","FedEx","Ground","380495421668","Axiom"
"150595008","278508131","862376","17612","OraCare Health Rinse (Case of 8)","254.00","2","508.00","4/16/2026","BigCommerce - Oracare","FedEx","FedEx","Ground","380562260237","Axiom"
"150594997","278508130","862377","17612","OraCare Health Rinse (Case of 8)","254.00","1","254.00","4/16/2026","BigCommerce - Oracare","FedEx","FedEx","Ground","380562259130","Axiom"
"150594966","278508125","862374","17612","OraCare Health Rinse (Case of 8)","254.00","1","254.00","4/16/2026","BigCommerce - Oracare","FedEx","FedEx","Ground","380562252103","Axiom"
"150240633","278139562","862304","17612","OraCare Health Rinse (Case of 8)","0.00","1","0.00","4/14/2026","BigCommerce - Oracare","FedEx","FedEx","Ground","380495424689","Axiom"
"150240658","278139564","862304","17612","OraCare Health Rinse (Case of 8)","254.00","5","1270.00","4/14/2026","BigCommerce - Oracare","FedEx","FedEx","Ground","380495426020","Axiom"
"150440999","278488042","862371","17612","FREE CASE- OraCare Health Rinse","0.00","1","0.00","4/15/2026","BigCommerce - Oracare","FedEx","FedEx","Ground","380530934314","Axiom"
"150240664","278176451","862308","17612","OraCare Health Rinse (Case of 8)","0.00","1","0.00","4/14/2026","BigCommerce - Oracare","FedEx","FedEx","Ground Hm","380495430401","Axiom"
"150440986","278482408","862372","17612","OraCare Health Rinse (Case of 8)","254.00","2","508.00","4/15/2026","BigCommerce - Oracare","FedEx","FedEx","Ground","380530931680","Axiom"
"150440969","278482405","862373","17612","OraCare Health Rinse (Case of 8)","254.00","3","762.00","4/15/2026","BigCommerce - Oracare","FedEx","FedEx","Ground","380530928661","Axiom"
"150240689","278176452","862308","17612","OraCare Health Rinse (Case of 8)","254.00","5","1270.00","4/14/2026","BigCommerce - Oracare","FedEx","FedEx","Ground Hm","380495431474","Axiom"
"150440884","278198675","862310","17612","OraCare Health Rinse (Case of 8)","254.00","1","254.00","4/15/2026","BigCommerce - Oracare","FedEx","FedEx","Ground","380530921244","Axiom"
"150440890","278198677","862311","17612","OraCare Health Rinse (Case of 8)","254.00","1","254.00","4/15/2026","BigCommerce - Oracare","FedEx","FedEx","Ground","380530920362","Axiom"
"150441011","278223503","862314","17612","OraCare Health Rinse (Case of 8)","228.60","12","2743.20","4/15/2026","BigCommerce - Oracare","FedEx","FedEx","Ground","380530928282","Axiom"
"150441036","278249342","862318","17612","OraCare Health Rinse (Case of 8)","0.00","3","0.00","4/15/2026","BigCommerce - Oracare","FedEx","FedEx","Ground","380530936523","Axiom"
"150440914","278477731","862359","17612","FREE CASE- OraCare Health Rinse","0.00","2","0.00","4/15/2026","BigCommerce - Oracare","FedEx","FedEx","Ground","380530922630","Axiom"
"150441106","278249344","862318","17612","OraCare Health Rinse (Case of 8)","254.00","12","3048.00","4/15/2026","BigCommerce - Oracare","FedEx","FedEx","Ground","380530939029","Axiom"
"150441113","278477338","862371","17612","OraCare Health Rinse (Case of 8)","254.00","1","254.00","4/15/2026","BigCommerce - Oracare","FedEx","FedEx","Ground","380530946855","Axiom"
"150441108","278477336","862360","17612","OraCare Health Rinse (Case of 8)","254.00","5","1270.00","4/15/2026","BigCommerce - Oracare","FedEx","FedEx","Ground","380530943915","Axiom"
"150441070","278477333","862347","17612","OraCare Health Rinse (Case of 8)","219.00","8","1752.00","4/15/2026","BigCommerce - Oracare","FedEx","FedEx","Ground","380530934623","Axiom"
"150752716","278477330","862369","17612","OraCare Health Rinse (Case of 8)","254.00","3","762.00","4/17/2026","BigCommerce - Oracare","FedEx","FedEx","Ground","380594145354","Axiom"
"150441005","278477328","862350","17612","OraCare Health Rinse (Case of 8)","254.00","1","254.00","4/15/2026","BigCommerce - Oracare","FedEx","FedEx","Ground","380530935490","Axiom"
"150440998","278477327","862351","17612","OraCare Health Rinse (Case of 8)","254.00","1","254.00","4/15/2026","BigCommerce - Oracare","FedEx","FedEx","Ground","380530932697","Axiom"
"150440981","278477324","862349","17612","OraCare Health Rinse (Case of 8)","254.00","1","254.00","4/15/2026","BigCommerce - Oracare","FedEx","FedEx","Ground","380530930098","Axiom"
"149016416","275917960","862134","17612","OraCare Health Rinse (Case of 8)","254.00","5","1270.00","4/6/2026","BigCommerce - Oracare","FedEx","FedEx","Ground","380262050883","Axiom"
"149016286","275917961","862131","17612","OraCare Health Rinse (Case of 8)","254.00","1","254.00","4/6/2026","BigCommerce - Oracare","FedEx","FedEx","Ground","380262043252","Axiom"
"149016296","275917964","862127","17612","OraCare Health Rinse (Case of 8)","254.00","1","254.00","4/6/2026","BigCommerce - Oracare","FedEx","FedEx","Ground","380262044189","Axiom"
"149016371","275917967","862132","17612","OraCare Health Rinse","0.00","6","0.00","4/6/2026","BigCommerce - Oracare","FedEx","FedEx","Ground","380262044204","Axiom"
"151447438","280402873","862529","17612","OraCare Health Rinse (Case of 8)","254.00","1","254.00","4/22/2026","BigCommerce - Oracare","FedEx","FedEx","Ground","380722758380","Axiom"
"151447468","280402860","862531","17612","OraCare Health Rinse (Case of 8)","254.00","1","254.00","4/22/2026","BigCommerce - Oracare","FedEx","FedEx","Ground","380722766609","Axiom"
"151447462","280402859","862530","17612","OraCare Health Rinse (Case of 8)","254.00","1","254.00","4/22/2026","BigCommerce - Oracare","FedEx","FedEx","Ground","380722765451","Axiom"
"151447459","280402857","862528","17612","OraCare Health Rinse (Case of 8)","254.00","5","1270.00","4/22/2026","BigCommerce - Oracare","FedEx","FedEx","Ground","380722761880","Axiom"
"149016420","275917968","862132","17612","OraCare Health Rinse (Case of 8)","508.00","4","2032.00","4/6/2026","BigCommerce - Oracare","FedEx","FedEx","Ground","380262051993","Axiom"
"149016433","275917970","862128","17612","OraCare Health Rinse (Case of 8)","254.00","1","254.00","4/6/2026","BigCommerce - Oracare","FedEx","FedEx","Ground","380262057395","Axiom"
"149016283","275917972","862133","17612","OraCare Health Rinse (Case of 8)","215.90","1","215.90","4/6/2026","BigCommerce - Oracare","FedEx","FedEx","Ground","380262043344","Axiom"
"151447455","280357301","862515","17612","OraCare Health Rinse (Case of 8)","254.00","5","1270.00","4/22/2026","BigCommerce - Oracare","FedEx","FedEx","Ground","380722761445","Axiom"
"151447430","280357296","862515","17612","OraCare Health Rinse (Case of 8)","0.00","1","0.00","4/22/2026","BigCommerce - Oracare","FedEx","FedEx","Ground","380722758493","Axiom"
"149235055","276018666","862148","17612","OraCare Health Rinse (Case of 8)","0.00","1","0.00","4/7/2026","BigCommerce - Oracare","FedEx","FedEx","Ground","380300842403","Axiom"
"149235086","276018668","862148","17612","OraCare Health Rinse (Case of 8)","254.00","5","1270.00","4/7/2026","BigCommerce - Oracare","FedEx","FedEx","Ground","380300842929","Axiom"
"149235104","276018673","862150","17612","OraCare Health Rinse (Case of 8)","254.00","1","254.00","4/7/2026","BigCommerce - Oracare","FedEx","FedEx","Ground","380300845126","Axiom"
"149235111","276018675","862151","17612","OraCare Health Rinse (Case of 8)","254.00","1","254.00","4/7/2026","BigCommerce - Oracare","FedEx","FedEx","Ground","380300850066","Axiom"
"149235038","276018677","862152","17612","OraCare Health Rinse (Case of 8)","254.00","2","508.00","4/7/2026","BigCommerce - Oracare","FedEx","FedEx","Ground","380300838650","Axiom"
"149235046","276018679","862149","17612","OraCare Health Rinse (Case of 8)","0.00","1","0.00","4/7/2026","BigCommerce - Oracare","FedEx","FedEx","Ground","380300841061","Axiom"
"149235082","276018680","862149","17612","OraCare Health Rinse (Case of 8)","254.00","6","1524.00","4/7/2026","BigCommerce - Oracare","FedEx","FedEx","Ground","380300841900","Axiom"
"149235094","276018683","862155","17612","OraCare Health Rinse (Case of 8)","0.00","1","0.00","4/7/2026","BigCommerce - Oracare","FedEx","FedEx","Ground","380300847769","Axiom"
"149235122","276018685","862155","17612","OraCare Health Rinse (Case of 8)","254.00","5","1270.00","4/7/2026","BigCommerce - Oracare","FedEx","FedEx","Ground","380300846707","Axiom"
"149235121","276018702","862157","17612","OraCare Health Rinse (Case of 8)","254.00","3","762.00","4/7/2026","BigCommerce - Oracare","FedEx","FedEx","Ground","380300849073","Axiom"
"149235127","276058042","862160","17612","OraCare Health Rinse (Case of 8)","254.00","1","254.00","4/7/2026","BigCommerce - Oracare","FedEx","FedEx","Ground Hm","380300852415","Axiom"
"149235135","276058044","862159","17612","OraCare Health Rinse (Case of 8)","254.00","1","254.00","4/7/2026","BigCommerce - Oracare","FedEx","FedEx","Ground","380300852838","Axiom"
"149235032","276079656","862161","17612","OraCare Health Rinse (Case of 8)","0.00","1","0.00","4/7/2026","BigCommerce - Oracare","FedEx","FedEx","Ground","380300836577","Axiom"
"149235066","276079659","862161","17612","OraCare Health Rinse (Case of 8)","254.00","5","1270.00","4/7/2026","BigCommerce - Oracare","FedEx","FedEx","Ground","380300840216","Axiom"
"149235102","276079662","862163","17612","OraCare Health Rinse (Case of 8)","254.00","2","508.00","4/7/2026","BigCommerce - Oracare","FedEx","FedEx","Ground","380300846280","Axiom"
"151447442","280209899","862506","17612","OraCare Health Rinse (Case of 8)","254.00","2","508.00","4/22/2026","BigCommerce - Oracare","FedEx","FedEx","Ground","380722758302","Axiom"
"151447425","280209898","862505","17612","OraCare Health Rinse (Case of 8)","254.00","5","1270.00","4/22/2026","BigCommerce - Oracare","FedEx","FedEx","Ground","380722754616","Axiom"
"151447404","280209897","862505","17612","OraCare Health Rinse (Case of 8)","0.00","1","0.00","4/22/2026","BigCommerce - Oracare","FedEx","FedEx","Ground","380722754145","Axiom"
"151447414","280183633","862501","17612","OraCare Health Rinse (Case of 8)","228.60","2","457.20","4/22/2026","BigCommerce - Oracare","FedEx","FedEx","Ground Hm","380722755921","Axiom"
"151447406","280183631","862502","17612","OraCare Health Rinse (Case of 8)","254.00","5","1270.00","4/22/2026","BigCommerce - Oracare","FedEx","FedEx","Ground","380722751054","Axiom"
"151447379","280183629","862502","17612","OraCare Health Rinse (Case of 8)","0.00","1","0.00","4/22/2026","BigCommerce - Oracare","FedEx","FedEx","Ground","380722750518","Axiom"
"149235119","276097326","862164","17612","OraCare Health Rinse (Case of 8)","254.00","2","508.00","4/7/2026","BigCommerce - Oracare","FedEx","FedEx","Ground","380300849864","Axiom"
"151447407","280158342","862496","17612","OraCare Health Rinse (Case of 8)","0.00","1","0.00","4/22/2026","BigCommerce - Oracare","FedEx","FedEx","Ground","380722752749","Axiom"
"151447397","280158341","862495","17612","OraCare Health Rinse (Case of 8)","254.00","1","254.00","4/22/2026","BigCommerce - Oracare","FedEx","FedEx","Ground","380722754513","Axiom"
"151447394","280158339","862497","17612","OraCare Health Rinse (Case of 8)","254.00","2","508.00","4/22/2026","BigCommerce - Oracare","FedEx","FedEx","Ground Hm","380722751043","Axiom"
"149235120","276097329","862165","17612","OraCare Health Rinse (Case of 8)","254.00","1","254.00","4/7/2026","BigCommerce - Oracare","FedEx","FedEx","Ground","380300849728","Axiom"
"149235133","276113375","862166","17612","OraCare Health Rinse (Case of 8)","254.00","2","508.00","4/7/2026","BigCommerce - Oracare","FedEx","FedEx","Ground","380300850835","Axiom"
"149235036","276259449","862167","17612","OraCare Health Rinse (Case of 8)","254.00","2","508.00","4/7/2026","BigCommerce - Oracare","FedEx","FedEx","Ground","380300839543","Axiom"
"149235043","276259451","862169","17612","OraCare Health Rinse (Case of 8)","254.00","1","254.00","4/7/2026","BigCommerce - Oracare","FedEx","FedEx","Ground","380300840960","Axiom"
"149413987","276331219","862177","17612","OraCare Health Rinse (Case of 8)","254.00","1","254.00","4/8/2026","BigCommerce - Oracare","FedEx","FedEx","Ground","380336060905","Axiom"
"149414018","276331221","862178","17612","OraCare Health Rinse (Case of 8)","254.00","4","1016.00","4/8/2026","BigCommerce - Oracare","FedEx","FedEx","Ground","380336061511","Axiom"
"149414027","276331222","862179","17612","OraCare Health Rinse (Case of 8)","0.00","1","0.00","4/8/2026","BigCommerce - Oracare","FedEx","FedEx","Ground","380336064120","Axiom"
"149413983","276357080","862182","17612","OraCare Health Rinse (Case of 8)","0.00","1","0.00","4/8/2026","BigCommerce - Oracare","FedEx","FedEx","Ground","380336060607","Axiom"
"149414021","276357081","862182","17612","OraCare Health Rinse (Case of 8)","254.00","5","1270.00","4/8/2026","BigCommerce - Oracare","FedEx","FedEx","Ground","380336060515","Axiom"
"149414044","276357084","862183","17612","OraCare Health Rinse (Case of 8)","0.00","1","0.00","4/8/2026","BigCommerce - Oracare","FedEx","FedEx","Ground","380336065528","Axiom"
"151277502","280085934","862487","17612","OraCare Health Rinse (Case of 8)","0.00","6","0.00","4/21/2026","BigCommerce - Oracare","FedEx","FedEx","Ground","380691678103","Axiom"
"149414082","276357085","862183","17612","OraCare Health Rinse (Case of 8)","254.00","5","1270.00","4/8/2026","BigCommerce - Oracare","FedEx","FedEx","Ground","380336065491","Axiom"
"149414088","276383937","862185","17612","OraCare Health Rinse (Case of 8)","254.00","1","254.00","4/8/2026","BigCommerce - Oracare","FedEx","FedEx","Ground","380336068468","Axiom"
"149413992","276383938","862184","17612","OraCare Health Rinse (Case of 8)","254.00","3","762.00","4/8/2026","BigCommerce - Oracare","FedEx","FedEx","Ground","380336059794","Axiom"
"149414066","276425691","862188","17612","OraCare Health Rinse (Case of 8)","0.00","1","0.00","4/8/2026","BigCommerce - Oracare","FedEx","FedEx","Ground","380336067163","Axiom"
"149414095","276425693","862188","17612","OraCare Health Rinse (Case of 8)","254.00","5","1270.00","4/8/2026","BigCommerce - Oracare","FedEx","FedEx","Ground","380336068218","Axiom"
"151277555","280050964","862481","17612","OraCare Health Rinse (Case of 8)","254.00","6","1524.00","4/21/2026","BigCommerce - Oracare","FedEx","FedEx","Ground","380691687288","Axiom"
"151277498","280050963","862480","17612","OraCare Health Rinse (Case of 8)","254.00","4","1016.00","4/21/2026","BigCommerce - Oracare","FedEx","FedEx","Ground","380691681280","Axiom"
"149414003","276538011","862190","17612","OraCare Health Rinse (Case of 8)","254.00","2","508.00","4/8/2026","BigCommerce - Oracare","FedEx","FedEx","Ground","380336061213","Axiom"
"149414028","276538013","862191","17612","OraCare Health Rinse (Case of 8)","0.00","3","0.00","4/8/2026","BigCommerce - Oracare","FedEx","FedEx","Ground","380336062654","Axiom"
"149414116","276538014","862191","17612","OraCare Health Rinse (Case of 8)","254.00","12","3048.00","4/8/2026","BigCommerce - Oracare","FedEx","FedEx","Ground","380336063970","Axiom"
"149414127","276538017","862189","17612","OraCare Health Rinse (Case of 8)","254.00","2","508.00","4/8/2026","BigCommerce - Oracare","FedEx","FedEx","Ground","380336073798","Axiom"
"149414099","276596837","862205","17612","OraCare Health Rinse (Case of 8)","0.00","1","0.00","4/8/2026","BigCommerce - Oracare","FedEx","FedEx","Ground","380336071935","Axiom"
"149414129","276596840","862205","17612","OraCare Health Rinse (Case of 8)","254.00","5","1270.00","4/8/2026","BigCommerce - Oracare","FedEx","FedEx","Ground","380336071280","Axiom"
"151277425","279885336","862468","17612","OraCare Health Rinse (Case of 8)","254.00","1","254.00","4/21/2026","BigCommerce - Oracare","FedEx","FedEx","Ground","380691673947","Axiom"
"149414131","276596841","862203","17612","OraCare Health Rinse (Case of 8)","254.00","1","254.00","4/8/2026","BigCommerce - Oracare","FedEx","FedEx","Ground Hm","380336074875","Axiom"
"149580693","276642069","862208","17612","OraCare Health Rinse (Case of 8)","0.00","1","0.00","4/9/2026","BigCommerce - Oracare","FedEx","FedEx","Ground","380369057256","Axiom"
"151277550","279884488","862467","17612","OraCare Health Rinse (Case of 8)","254.00","2","508.00","4/21/2026","BigCommerce - Oracare","FedEx","FedEx","Ground","380691689453","Axiom"
"149580709","276642070","862208","17612","OraCare Health Rinse (Case of 8)","254.00","4","1016.00","4/9/2026","BigCommerce - Oracare","FedEx","FedEx","Ground","380369061980","Axiom"
"151277512","279841472","862458","17612","OraCare Health Rinse (Case of 8)","254.00","1","254.00","4/21/2026","BigCommerce - Oracare","FedEx","FedEx","Ground","380691687391","Axiom"
"151277504","279841471","862460","17612","OraCare Health Rinse (Case of 8)","254.00","1","254.00","4/21/2026","BigCommerce - Oracare","FedEx","FedEx","Ground","380691684110","Axiom"
"151277488","279841469","862459","17612","OraCare Health Rinse (Case of 8)","254.00","5","1270.00","4/21/2026","BigCommerce - Oracare","FedEx","FedEx","Ground","380691681338","Axiom"
"151277448","279841467","862459","17612","OraCare Health Rinse (Case of 8)","0.00","1","0.00","4/21/2026","BigCommerce - Oracare","FedEx","FedEx","Ground","380691680320","Axiom"
"151277438","279841465","862457","17612","OraCare Health Rinse (Case of 8)","254.00","5","1270.00","4/21/2026","BigCommerce - Oracare","FedEx","FedEx","Ground","380691674130","Axiom"
"151277797","279841464","862457","17612","OraCare Health Rinse (Case of 8)","0.00","1","0.00","4/21/2026","BigCommerce - Oracare","FedEx","FedEx","Ground","380691724481","Axiom"
"151277794","279800075","862456","17612","OraCare Health Rinse (Case of 8)","254.00","2","508.00","4/21/2026","BigCommerce - Oracare","FedEx","FedEx","Ground","380691720626","Axiom"
"151277771","279800073","862451","17612","OraCare Health Rinse (Case of 8)","254.00","5","1270.00","4/21/2026","BigCommerce - Oracare","FedEx","FedEx","Ground","380691715009","Axiom"
"151277736","279800072","862451","17612","OraCare Health Rinse (Case of 8)","0.00","1","0.00","4/21/2026","BigCommerce - Oracare","FedEx","FedEx","Ground","380691715914","Axiom"
"151277729","279800069","862452","17612","OraCare Health Rinse (Case of 8)","254.00","2","508.00","4/21/2026","BigCommerce - Oracare","FedEx","FedEx","Ground","380691714068","Axiom"
"149580717","276642073","862210","17612","OraCare Health Rinse (Case of 8)","254.00","2","508.00","4/9/2026","BigCommerce - Oracare","FedEx","FedEx","Ground","380369064442","Axiom"
"149580721","276642074","862209","17612","OraCare Health Rinse (Case of 8)","254.00","1","254.00","4/9/2026","BigCommerce - Oracare","FedEx","FedEx","Ground","380369067305","Axiom"
"151277477","279800060","862454","17612","OraCare Health Rinse (Case of 8)","0.00","10","0.00","4/21/2026","BigCommerce - Oracare","FedEx","FedEx","Ground","380691675300","Axiom"
"151045108","279757964","862449","17612","OraCare Health Rinse (Case of 8)","254.00","1","254.00","4/20/2026","BigCommerce - Oracare","FedEx","FedEx","Ground","380649470960","Axiom"
"148608528","274736978","862091","17612","OraCare Health Rinse (Case of 8)","254.00","5","1270.00","4/2/2026","BigCommerce - Oracare","FedEx","FedEx","Ground","380186742812","Axiom"
"148608287","274736980","862093","17612","OraCare Health Rinse (Case of 8)","254.00","1","254.00","4/2/2026","BigCommerce - Oracare","FedEx","FedEx","Ground","380186712121","Axiom"
"148608296","274736982","862090","17612","OraCare Health Rinse (Case of 8)","254.00","1","254.00","4/2/2026","BigCommerce - Oracare","FedEx","FedEx","Ground","380186714672","Axiom"
"151775403","280981373","862582","17612","FREE CASE- OraCare Health Rinse","0.00","1","0.00","4/24/2026","BigCommerce - Oracare","FedEx","FedEx","Ground","380785446533","Axiom"
"148608306","274736983","862092","17612","OraCare Health Rinse (Case of 8)","254.00","1","254.00","4/2/2026","BigCommerce - Oracare","FedEx","FedEx","Ground","380186714308","Axiom"
"148608312","274771841","862095","17612","OraCare Health Rinse (Case of 8)","254.00","1","254.00","4/2/2026","BigCommerce - Oracare","FedEx","FedEx","Ground","380186715771","Axiom"
"151775545","280978476","862577","17612","FREE CASE- OraCare Health Rinse","0.00","1","0.00","4/24/2026","BigCommerce - Oracare","FedEx","FedEx","Ground","380785467770","Axiom"
"148610133","274771844","862096","17612","OraCare Health Rinse (Case of 8)","254.00","2","508.00","4/2/2026","BigCommerce - Oracare","FedEx","FedEx","Ground","380187019513","Axiom"
"148608344","274780429","723065","17612","Case(s) of OraCare™ Oral Health Rinse","0.00","6","0.00","4/2/2026","XCart - Oracare","FedEx","FedEx","Ground","380186715359","Axiom"
"148608363","274801750","862097","17612","OraCare Health Rinse (Case of 8)","228.60","2","457.20","4/2/2026","BigCommerce - Oracare","FedEx","FedEx","Ground","380186722501","Axiom"
"151775532","280973237","862575","17612","FREE CASE- OraCare Health Rinse","0.00","1","0.00","4/24/2026","BigCommerce - Oracare","FedEx","FedEx","Ground","380785466903","Axiom"
"151775547","280964259","862593","17612","OraCare Health Rinse (Case of 8)","254.00","1","254.00","4/24/2026","BigCommerce - Oracare","FedEx","FedEx","Ground","380785468869","Axiom"
"151775483","280964258","862587","17612","OraCare Health Rinse (Case of 8)","254.00","1","254.00","4/24/2026","BigCommerce - Oracare","FedEx","FedEx","Ground","380785460916","Axiom"
"151775540","280964256","862592","17612","OraCare Health Rinse (Case of 8)","254.00","5","1270.00","4/24/2026","BigCommerce - Oracare","FedEx","FedEx","Ground","380785465160","Axiom"
"151775475","280964254","862586","17612","OraCare Health Rinse (Case of 8)","254.00","5","1270.00","4/24/2026","BigCommerce - Oracare","FedEx","FedEx","Ground","380785455230","Axiom"
"151775449","280964251","862585","17612","OraCare Health Rinse (Case of 8)","254.00","1","254.00","4/24/2026","BigCommerce - Oracare","FedEx","FedEx","Ground","380785453260","Axiom"
"151775444","280964246","862584","17612","OraCare Health Rinse (Case of 8)","254.00","1","254.00","4/24/2026","BigCommerce - Oracare","FedEx","FedEx","Ground","380785453373","Axiom"
"151775481","280964244","862579","17612","OraCare Health Rinse (Case of 8)","254.00","1","254.00","4/24/2026","BigCommerce - Oracare","FedEx","FedEx","Ground","380785460240","Axiom"
"151775498","280964240","862590","17612","OraCare Health Rinse (Case of 8)","254.00","2","508.00","4/24/2026","BigCommerce - Oracare","FedEx","FedEx","Ground","380785461794","Axiom"
"151775442","280964238","862581","17612","OraCare Health Rinse (Case of 8)","254.00","2","508.00","4/24/2026","BigCommerce - Oracare","FedEx","FedEx","Ground","380785452208","Axiom"
"151775413","280964236","862580","17612","OraCare Health Rinse (Case of 8)","254.00","5","1270.00","4/24/2026","BigCommerce - Oracare","FedEx","FedEx","Ground","380785445240","Axiom"
"151775472","280964233","862578","17612","OraCare Health Rinse (Case of 8)","254.00","4","1016.00","4/24/2026","BigCommerce - Oracare","FedEx","FedEx","Ground","380785456795","Axiom"
"151775455","280964229","862591","17612","OraCare Health Rinse (Case of 8)","254.00","7","1778.00","4/24/2026","BigCommerce - Oracare","FedEx","FedEx","Ground","380785450639","Axiom"
"151775571","280964226","862582","17612","OraCare Health Rinse (Case of 8)","254.00","5","1270.00","4/24/2026","BigCommerce - Oracare","FedEx","FedEx","Ground","380785467818","Axiom"
"151775523","280964224","862577","17612","OraCare Health Rinse (Case of 8)","254.00","4","1016.00","4/24/2026","BigCommerce - Oracare","FedEx","FedEx","Ground","380785459820","Axiom"
"151775425","280964223","862589","17612","OraCare Health Rinse (Case of 8)","254.00","1","254.00","4/24/2026","BigCommerce - Oracare","FedEx","FedEx","Ground","380785450878","Axiom"
"151775477","280964221","862576","17612","OraCare Health Rinse (Case of 8)","254.00","16","4064.00","4/24/2026","BigCommerce - Oracare","FedEx","FedEx","Ground","380785445971","Axiom"
"151775411","280964216","862588","17612","OraCare Health Rinse (Case of 8)","254.00","2","508.00","4/24/2026","BigCommerce - Oracare","FedEx","FedEx","Ground","380785446143","Axiom"
"151775404","280964214","862583","17612","OraCare Health Rinse (Case of 8)","254.00","2","508.00","4/24/2026","BigCommerce - Oracare","FedEx","FedEx","Ground","380785445526","Axiom"
"151775553","280964212","862575","17612","OraCare Health Rinse (Case of 8)","254.00","4","1016.00","4/24/2026","BigCommerce - Oracare","FedEx","FedEx","Ground","380785467564","Axiom"
"151775505","280964211","862574","17612","OraCare Health Rinse (Case of 8)","0.00","2","0.00","4/24/2026","BigCommerce - Oracare","FedEx","FedEx","Ground","380785461820","Axiom"
"151775517","280854005","862572","17612","OraCare Health Rinse (Case of 8)","254.00","2","508.00","4/24/2026","BigCommerce - Oracare","FedEx","FedEx","Ground","380785464039","Axiom"
"148608368","274801752","862099","17612","OraCare Health Rinse (Case of 8)","254.00","2","508.00","4/2/2026","BigCommerce - Oracare","FedEx","FedEx","Ground","380186724618","Axiom"
"148608373","274801754","862102","17612","OraCare Health Rinse (Case of 8)","254.00","1","254.00","4/2/2026","BigCommerce - Oracare","FedEx","FedEx","Ground","380186725831","Axiom"
"148608409","274801760","862103","17612","OraCare Health Rinse (Case of 8)","254.00","2","508.00","4/2/2026","BigCommerce - Oracare","FedEx","FedEx","Ground","380186730680","Axiom"
"148743104","274818359","862104","17612","OraCare Health Rinse (Case of 8)","0.00","1","0.00","4/3/2026","BigCommerce - Oracare","FedEx","FedEx","Ground","380212532298","Axiom"
"148743119","274818361","862104","17612","OraCare Health Rinse (Case of 8)","254.00","5","1270.00","4/3/2026","BigCommerce - Oracare","FedEx","FedEx","Ground","380212533630","Axiom"
"151775534","280798443","862568","17612","OraCare Health Rinse (Case of 8)","254.00","5","1270.00","4/24/2026","BigCommerce - Oracare","FedEx","FedEx","Ground","380785460890","Axiom"
"151775490","280798442","862568","17612","OraCare Health Rinse (Case of 8)","0.00","1","0.00","4/24/2026","BigCommerce - Oracare","FedEx","FedEx","2day","380785461967","Axiom"
"151775488","280798441","862567","17612","OraCare Health Rinse (Case of 8)","254.00","5","1270.00","4/24/2026","BigCommerce - Oracare","FedEx","FedEx","Ground","380785456166","Axiom"
"151775525","280798439","862567","17612","OraCare Health Rinse (Case of 8)","0.00","1","0.00","4/24/2026","BigCommerce - Oracare","FedEx","FedEx","Ground","380785465561","Axiom"
"148743086","274826528"," 10207","17612","Case(s) of OraCare™ Oral Health Rinse","0.00","6","0.00","4/3/2026","XCart - Oracare","FedEx","FedEx","Ground","380212526650","Axiom"
"148743108","274827062"," 10208","17612","Case(s) of OraCare™ Oral Health Rinse","0.00","6","0.00","4/3/2026","XCart - Oracare","FedEx","FedEx","Ground","380212530067","Axiom"
"151775465","280789961","862562","17612","FREE CASE- OraCare Health Rinse","0.00","1","0.00","4/24/2026","BigCommerce - Oracare","FedEx","FedEx","Ground","380785456730","Axiom"
"151775471","280789873","862563","17612","OraCare Health Rinse (Case of 8)","254.00","1","254.00","4/24/2026","BigCommerce - Oracare","FedEx","FedEx","Ground Hm","380785458971","Axiom"
"151775458","280789860","862565","17612","OraCare Health Rinse (Case of 8)","254.00","1","254.00","4/24/2026","BigCommerce - Oracare","FedEx","FedEx","Ground","380785455457","Axiom"
"151775453","280789851","862564","17612","OraCare Health Rinse (Case of 8)","254.00","12","3048.00","4/24/2026","BigCommerce - Oracare","FedEx","FedEx","Ground","380785446110","Axiom"
"151775651","280789848","862564","17612","OraCare Health Rinse (Case of 8)","0.00","3","0.00","4/24/2026","BigCommerce - Oracare","FedEx","FedEx","Ground","380785475687","Axiom"
"148743126","274830912","723085","17612","Case(s) of OraCare™ Oral Health Rinse","0.00","6","0.00","4/3/2026","XCart - Oracare","FedEx","FedEx","Ground","380212533206","Axiom"
"148743091","274831629"," 10209","17612","Case(s) of OraCare™ Oral Health Rinse","0.00","6","0.00","4/3/2026","XCart - Oracare","FedEx","FedEx","Ground","380212527358","Axiom"
"148743094","274838947","10210","17612","Case(s) of OraCare™ Oral Health Rinse","0.00","1","0.00","4/3/2026","XCart - Oracare","FedEx","FedEx","Ground","380212531247","Axiom"
"148743072","274863805","862111","17612","OraCare Health Rinse (Case of 8)","0.00","1","0.00","4/3/2026","BigCommerce - Oracare","FedEx","FedEx","Ground","380212527369","Axiom"
"148743093","274863807","862111","17612","OraCare Health Rinse (Case of 8)","254.00","5","1270.00","4/3/2026","BigCommerce - Oracare","FedEx","FedEx","Ground","380212528207","Axiom"
"148743066","274877996","723095","17612","Case(s) of OraCare™ Oral Health Rinse","0.00","1","0.00","4/3/2026","XCart - Oracare","FedEx","FedEx","Ground","380212526682","Axiom"
"151614746","280699129","862552","17612","OraCare Health Rinse (Case of 8)","228.60","12","2743.20","4/23/2026","BigCommerce - Oracare","FedEx","FedEx","Ground Hm","380755277865","Axiom"
"151614660","280699124","862552","17612","OraCare Health Rinse (Case of 8)","0.00","3","0.00","4/23/2026","BigCommerce - Oracare","FedEx","FedEx","Ground Hm","380755275873","Axiom"
"148743080","274881304","862115","17612","OraCare Health Rinse (Case of 8)","254.00","2","508.00","4/3/2026","BigCommerce - Oracare","FedEx","FedEx","Ground","380212527483","Axiom"
"148743088","274881306","862114","17612","OraCare Health Rinse (Case of 8)","254.00","1","254.00","4/3/2026","BigCommerce - Oracare","FedEx","FedEx","Ground","380212528983","Axiom"
"149016281","275457408","862116","17612","OraCare Health Rinse (Case of 8)","0.00","1","0.00","4/6/2026","BigCommerce - Oracare","FedEx","FedEx","Ground","380262043767","Axiom"
"149016341","275457409","862116","17612","OraCare Health Rinse (Case of 8)","254.00","5","1270.00","4/6/2026","BigCommerce - Oracare","FedEx","FedEx","Ground","380262044009","Axiom"
"149016373","275859591","723115","17612","Case(s) of OraCare™ Oral Health Rinse","0.00","1","0.00","4/6/2026","XCart - Oracare","FedEx","FedEx","Ground","380262051261","Axiom"
"149016389","275865024","723125","17612","Case(s) of OraCare™ Oral Health Rinse","0.00","1","0.00","4/6/2026","XCart - Oracare","FedEx","FedEx","Ground","380262051743","Axiom"
"149016282","275865081","862117","17612","OraCare Health Rinse (Case of 8)","254.00","1","254.00","4/6/2026","BigCommerce - Oracare","FedEx","FedEx","Ground","380262043447","Axiom"
"149016300","275865082","862118","17612","OraCare Health Rinse (Case of 8)","127.00","2","254.00","4/6/2026","BigCommerce - Oracare","FedEx","FedEx","Ground","380262044362","Axiom"
"149016308","275917952","862129","17612","OraCare Health Rinse (Case of 8)","169.33","3","507.99","4/6/2026","BigCommerce - Oracare","FedEx","FedEx","Ground","380262044123","Axiom"
"149016320","275917955","862130","17612","OraCare Health Rinse (Case of 8)","254.00","1","254.00","4/6/2026","BigCommerce - Oracare","FedEx","FedEx","Ground","380262048140","Axiom"
"149016335","275917957","862126","17612","OraCare Health Rinse (Case of 8)","254.00","1","254.00","4/6/2026","BigCommerce - Oracare","FedEx","FedEx","Ground","380262049136","Axiom"
"151614759","280481081","862544","17612","OraCare Health Rinse (Case of 8)","254.00","12","3048.00","4/23/2026","BigCommerce - Oracare","FedEx","FedEx","Ground","380755282658","Axiom"
"151614687","280481073","862544","17612","OraCare Health Rinse (Case of 8)","0.00","3","0.00","4/23/2026","BigCommerce - Oracare","FedEx","FedEx","Ground","380755277660","Axiom"
"151614668","280481069","862543","17612","OraCare Health Rinse (Case of 8)","254.00","5","1270.00","4/23/2026","BigCommerce - Oracare","FedEx","FedEx","Ground","380755275678","Axiom"
"151614643","280481067","862543","17612","OraCare Health Rinse (Case of 8)","0.00","1","0.00","4/23/2026","BigCommerce - Oracare","FedEx","FedEx","Ground","380755272418","Axiom"
"151614650","280451465","862542","17612","FREE CASE- OraCare Health Rinse","0.00","1","0.00","4/23/2026","BigCommerce - Oracare","FedEx","FedEx","Ground","380755273723","Axiom"
"149016352","275917958","862134","17612","OraCare Health Rinse (Case of 8)","0.00","1","0.00","4/6/2026","BigCommerce - Oracare","FedEx","FedEx","Ground","380262049592","Axiom"
"151614634","280451299","862540","17612","OraCare Health Rinse (Case of 8)","254.00","1","254.00","4/23/2026","BigCommerce - Oracare","FedEx","FedEx","Ground","380755273355","Axiom"
"151614708","280451296","862541","17612","OraCare Health Rinse (Case of 8)","254.00","5","1270.00","4/23/2026","BigCommerce - Oracare","FedEx","FedEx","Ground","380755281125","Axiom"
"151614678","280451294","862541","17612","OraCare Health Rinse (Case of 8)","0.00","1","0.00","4/23/2026","BigCommerce - Oracare","FedEx","FedEx","Ground","380755279353","Axiom"
"151614672","280451293","862536","17612","OraCare Health Rinse (Case of 8)","254.00","5","1270.00","4/23/2026","BigCommerce - Oracare","FedEx","FedEx","Ground","380755275027","Axiom"
"151614651","280451291","862536","17612","OraCare Health Rinse (Case of 8)","0.00","1","0.00","4/23/2026","BigCommerce - Oracare","FedEx","FedEx","Ground","380755274086","Axiom"
"151614646","280451289","862542","17612","OraCare Health Rinse (Case of 8)","254.00","1","254.00","4/23/2026","BigCommerce - Oracare","FedEx","FedEx","Ground","380755274660","Axiom"
"151614641","280451288","862537","17612","OraCare Health Rinse (Case of 8)","254.00","2","508.00","4/23/2026","BigCommerce - Oracare","FedEx","FedEx","Ground","380755271455","Axiom"
"151614727","280451287","862538","17612","OraCare Health Rinse (Case of 8)","228.60","5","1143.00","4/23/2026","BigCommerce - Oracare","FedEx","FedEx","Ground","380755282007","Axiom"
"151614700","280451286","862538","17612","OraCare Health Rinse (Case of 8)","0.00","1","0.00","4/23/2026","BigCommerce - Oracare","FedEx","FedEx","Ground","380755282420","Axiom"
"152475299","282294830","862677","17612","OraCare Health Rinse (Case of 8)","254.00","5","1270.00","4/29/2026","BigCommerce - Oracare","FedEx","FedEx","Ground","380913347018","Axiom"
"150440896","278456891","862344","17612","FREE CASE- OraCare Health Rinse","0.00","1","0.00","4/15/2026","BigCommerce - Oracare","FedEx","FedEx","Ground Hm","380530918914","Axiom"
"150440888","278456882","862344","17612","OraCare Health Rinse (Case of 8)","254.00","2","508.00","4/15/2026","BigCommerce - Oracare","FedEx","FedEx","Ground","380530918605","Axiom"
"150440960","278278781","862323","17612","OraCare Health Rinse (Case of 8)","254.00","3","762.00","4/15/2026","BigCommerce - Oracare","FedEx","FedEx","Ground","380530928293","Axiom"
"150440966","278282031","862321","17612","FREE CASE- OraCare Health Rinse","0.00","1","0.00","4/15/2026","BigCommerce - Oracare","FedEx","FedEx","Ground","380530929565","Axiom"
"152475151","282273112","862676","17612","OraCare Health Rinse (Case of 8)","254.00","1","254.00","4/29/2026","BigCommerce - Oracare","FedEx","FedEx","Ground","380913334280","Axiom"
"152475264","282273110","862674","17612","OraCare Health Rinse (Case of 8)","254.00","2","508.00","4/29/2026","BigCommerce - Oracare","FedEx","FedEx","Ground","380913343078","Axiom"
"152475257","282273108","862675","17612","OraCare Health Rinse (Case of 8)","254.00","5","1270.00","4/29/2026","BigCommerce - Oracare","FedEx","FedEx","Ground","380913340539","Axiom"
"152475154","282248188","862673","17612","OraCare Health Rinse (Case of 8)","254.00","1","254.00","4/29/2026","BigCommerce - Oracare","FedEx","FedEx","Ground","380913332416","Axiom"
"152475319","282228922","862665","17612","OraCare Health Rinse (Case of 8)","254.00","6","1524.00","4/29/2026","BigCommerce - Oracare","FedEx","FedEx","Ground","380913348893","Axiom"
"152475286","282132236","862664","17612","FREE CASE- OraCare Health Rinse","0.00","3","0.00","4/29/2026","BigCommerce - Oracare","FedEx","FedEx","Ground","380913347268","Axiom"
"152475267","282132016","862664","17612","OraCare Health Rinse (Case of 8)","254.00","12","3048.00","4/29/2026","BigCommerce - Oracare","FedEx","FedEx","Ground","380913336525","Axiom"
"150441055","278344159","862332","17612","OraCare Health Rinse (Case of 8)","254.00","5","1270.00","4/15/2026","BigCommerce - Oracare","FedEx","FedEx","Ground","380530937861","Axiom"
"152475260","282092364","862662","17612","OraCare Health Rinse (Case of 8)","254.00","6","1524.00","4/29/2026","BigCommerce - Oracare","FedEx","FedEx","Ground","380913337186","Axiom"
"152475225","282092356","862659","17612","OraCare Health Rinse (Case of 8)","254.00","5","1270.00","4/29/2026","BigCommerce - Oracare","FedEx","FedEx","Ground","380913336113","Axiom"
"152475258","282092346","862658","17612","OraCare Health Rinse (Case of 8)","254.00","1","254.00","4/29/2026","BigCommerce - Oracare","FedEx","FedEx","Ground","380913341763","Axiom"
"150440885","278344172","862333","17612","OraCare Health Rinse (Case of 8)","254.00","1","254.00","4/15/2026","BigCommerce - Oracare","FedEx","FedEx","Ground","380530920958","Axiom"
"150441026","278443521","862339","17612","OraCare Health Rinse (Case of 8)","254.00","2","508.00","4/15/2026","BigCommerce - Oracare","FedEx","FedEx","Ground","380530937015","Axiom"
"150441038","278451733","862340","17612","OraCare Health Rinse (Case of 8)","254.00","1","254.00","4/15/2026","BigCommerce - Oracare","FedEx","FedEx","Ground","380530938695","Axiom"
"152475181","282051193","862654","17612","OraCare Health Rinse (Case of 8)","254.00","2","508.00","4/29/2026","BigCommerce - Oracare","FedEx","FedEx","Ground","380913331615","Axiom"
"152475153","282051187","862651","17612","OraCare Health Rinse (Case of 8)","254.00","1","254.00","4/29/2026","BigCommerce - Oracare","FedEx","FedEx","Ground","380913333787","Axiom"
"152475293","282051181","862652","17612","OraCare Health Rinse (Case of 8)","254.00","5","1270.00","4/29/2026","BigCommerce - Oracare","FedEx","FedEx","Ground","380913347279","Axiom"
"150441042","278451736","862341","17612","OraCare Health Rinse (Case of 8)","254.00","2","508.00","4/15/2026","BigCommerce - Oracare","FedEx","FedEx","Ground","380530939051","Axiom"
"150441046","278451739","862340","17612","FREE CASE- OraCare Health Rinse","0.00","1","0.00","4/15/2026","BigCommerce - Oracare","FedEx","FedEx","Ground","380530940776","Axiom"
"152475210","282024693","862648","17612","OraCare Health Rinse (Case of 8)","254.00","5","1270.00","4/29/2026","BigCommerce - Oracare","FedEx","FedEx","Ground","380913335301","Axiom"
"150441057","278454027","862343","17612","OraCare Health Rinse (Case of 8)","254.00","1","254.00","4/15/2026","BigCommerce - Oracare","FedEx","FedEx","Ground","380530940700","Axiom"
"150441065","278454029","862342","17612","OraCare Health Rinse (Case of 8)","254.00","1","254.00","4/15/2026","BigCommerce - Oracare","FedEx","FedEx","Ground","380530942242","Axiom"
"152293761","281951078","862639","17612","FREE CASE- OraCare Health Rinse","0.00","1","0.00","4/28/2026","BigCommerce - Oracare","FedEx","FedEx","Ground","380879969178","Axiom"
"152293752","281951056","862638","17612","OraCare Health Rinse (Case of 8)","254.00","1","254.00","4/28/2026","BigCommerce - Oracare","FedEx","FedEx","Ground","380879968517","Axiom"
"152293876","281951048","862639","17612","OraCare Health Rinse (Case of 8)","254.00","5","1270.00","4/28/2026","BigCommerce - Oracare","FedEx","FedEx","Ground","380879985222","Axiom"
"148608328","274188693","722965","17612","Case(s) of OraCare™ Oral Health Rinse","0.00","2","0.00","4/2/2026","XCart - Oracare","FedEx","FedEx","Ground","380186718060","Axiom"
"148608416","274203428","722995","17612","Case(s) of OraCare™ Oral Health Rinse","0.00","1","0.00","4/2/2026","XCart - Oracare","FedEx","FedEx","Ground Hm","380186731068","Axiom"
"152293857","281933087","862636","17612","OraCare Health Rinse (Case of 8)","254.00","5","1270.00","4/28/2026","BigCommerce - Oracare","FedEx","FedEx","Ground","380879978551","Axiom"
"148608451","274221638","723025","17612","Case(s) of OraCare™ Oral Health Rinse","0.00","1","0.00","4/2/2026","XCart - Oracare","FedEx","FedEx","Ground","380186737835","Axiom"
"152293750","281808161","862632","17612","FREE CASE- OraCare Health Rinse","0.00","1","0.00","4/28/2026","BigCommerce - Oracare","FedEx","FedEx","Ground Hm","380879967407","Axiom"
"148608478","274386725","723035","17612","Case(s) of OraCare™ Oral Health Rinse","0.00","2","0.00","4/2/2026","XCart - Oracare","FedEx","FedEx","Ground","380186739920","Axiom"
"152299238","281787833","862631","17612","FREE CASE- OraCare Health Rinse","0.00","1","0.00","4/28/2026","BigCommerce - Oracare","FedEx","FedEx","Ground","380880810420","Axiom"
"152299251","281787799","862631","17612","OraCare Health Rinse (Case of 8)","254.00","5","1270.00","4/28/2026","BigCommerce - Oracare","FedEx","FedEx","Ground","380880811060","Axiom"
"152293816","281787794","862629","17612","OraCare Health Rinse (Case of 8)","254.00","6","1524.00","4/28/2026","BigCommerce - Oracare","FedEx","FedEx","Ground","380879972196","Axiom"
"148608304","274414825","862056","17612","OraCare Health Rinse (Case of 8)","254.00","1","254.00","4/2/2026","BigCommerce - Oracare","FedEx","FedEx","Ground","380186713415","Axiom"
"148608316","274414826","862057","17612","OraCare Health Rinse (Case of 8)","254.00","2","508.00","4/2/2026","BigCommerce - Oracare","FedEx","FedEx","Ground","380186714797","Axiom"
"152293890","281763304","862627","17612","OraCare Health Rinse (Case of 8)","254.00","13","3302.00","4/28/2026","BigCommerce - Oracare","FedEx","FedEx","Ground","380879976158","Axiom"
"152293823","281763301","862628","17612","OraCare Health Rinse (Case of 8)","254.00","12","3048.00","4/28/2026","BigCommerce - Oracare","FedEx","FedEx","Ground","380879970631","Axiom"
"152293751","281733105","862626","17612","FREE CASE- OraCare Health Rinse","0.00","1","0.00","4/28/2026","BigCommerce - Oracare","FedEx","FedEx","Ground","380879968300","Axiom"
"148608326","274419722","862058","17612","OraCare Health Rinse (Case of 8)","254.00","2","508.00","4/2/2026","BigCommerce - Oracare","FedEx","FedEx","Ground","380186715750","Axiom"
"148608395","274479364","862067","17612","OraCare Health Rinse (Case of 8)","254.00","1","254.00","4/2/2026","BigCommerce - Oracare","FedEx","FedEx","Ground","380186728680","Axiom"
"148608405","274479365","862069","17612","OraCare Health Rinse (Case of 8)","254.00","2","508.00","4/2/2026","BigCommerce - Oracare","FedEx","FedEx","Ground","380186729940","Axiom"
"152293796","281733013","862626","17612","OraCare Health Rinse (Case of 8)","254.00","5","1270.00","4/28/2026","BigCommerce - Oracare","FedEx","FedEx","Ground","380879970322","Axiom"
"148608418","274479368","862064","17612","OraCare Health Rinse (Case of 8)","254.00","1","254.00","4/2/2026","BigCommerce - Oracare","FedEx","FedEx","Ground","380186731778","Axiom"
"152293763","281703181","862620","17612","OraCare Health Rinse (Case of 8)","254.00","2","508.00","4/28/2026","BigCommerce - Oracare","FedEx","FedEx","Ground","380879968388","Axiom"
"148608425","274479370","862068","17612","OraCare Health Rinse (Case of 8)","254.00","1","254.00","4/2/2026","BigCommerce - Oracare","FedEx","FedEx","Ground","380186731285","Axiom"
"148608435","274498821","862073","17612","OraCare Health Rinse (Case of 8)","254.00","2","508.00","4/2/2026","BigCommerce - Oracare","FedEx","FedEx","Ground","380186732318","Axiom"
"152064116","281673966","862614","17612","FREE CASE- OraCare Health Rinse","0.00","1","0.00","4/27/2026","BigCommerce - Oracare","FedEx","FedEx","Ground","380840875435","Axiom"
"152064163","281673949","862613","17612","FREE CASE- OraCare Health Rinse","0.00","1","0.00","4/27/2026","BigCommerce - Oracare","FedEx","FedEx","Ground","380840879018","Axiom"
"148608442","274498822","862070","17612","OraCare Health Rinse (Case of 8)","254.00","1","254.00","4/2/2026","BigCommerce - Oracare","FedEx","FedEx","Ground","380186735306","Axiom"
"148608447","274498823","862072","17612","OraCare Health Rinse (Case of 8)","254.00","1","254.00","4/2/2026","BigCommerce - Oracare","FedEx","FedEx","Ground","380186735269","Axiom"
"148608303","274521902","862074","17612","OraCare Health Rinse (Case of 8)","0.00","1","0.00","4/2/2026","BigCommerce - Oracare","FedEx","FedEx","Ground","380186715175","Axiom"
"148608329","274521903","862074","17612","OraCare Health Rinse (Case of 8)","254.00","5","1270.00","4/2/2026","BigCommerce - Oracare","FedEx","FedEx","Ground","380186714525","Axiom"
"148608339","274521904","862081","17612","OraCare Health Rinse (Case of 8)","254.00","1","254.00","4/2/2026","BigCommerce - Oracare","FedEx","FedEx","Ground","380186719961","Axiom"
"152064221","281673907","862619","17612","OraCare Health Rinse (Case of 8)","254.00","2","508.00","4/27/2026","BigCommerce - Oracare","FedEx","FedEx","Ground","380840884830","Axiom"
"148608342","274521905","862075","17612","OraCare Health Rinse (Case of 8)","254.00","1","254.00","4/2/2026","BigCommerce - Oracare","FedEx","FedEx","Ground","380186720542","Axiom"
"152064135","281646795","862611","17612","OraCare Health Rinse (Case of 8)","254.00","1","254.00","4/27/2026","BigCommerce - Oracare","FedEx","FedEx","Ground","380840876898","Axiom"
"152064119","281624360","862610","17612","OraCare Health Rinse (Case of 8)","254.00","1","254.00","4/27/2026","BigCommerce - Oracare","FedEx","FedEx","Ground","380840875001","Axiom"
"152064171","281351039","862609","17612","OraCare Health Rinse (Case of 8)","254.00","1","254.00","4/27/2026","BigCommerce - Oracare","FedEx","FedEx","Ground Hm","380840880000","Axiom"
"152064162","281094686","862607","17612","FREE CASE- OraCare Health Rinse","0.00","1","0.00","4/27/2026","BigCommerce - Oracare","FedEx","FedEx","Ground","380840878721","Axiom"
"148608353","274541727","862084","17612","OraCare Health Rinse (Case of 8)","0.00","1","0.00","4/2/2026","BigCommerce - Oracare","FedEx","FedEx","Ground","380186719641","Axiom"
"148608369","274541728","862084","17612","OraCare Health Rinse (Case of 8)","254.00","5","1270.00","4/2/2026","BigCommerce - Oracare","FedEx","FedEx","Ground","380186721343","Axiom"
"148608375","274541729","862082","17612","OraCare Health Rinse (Case of 8)","254.00","1","254.00","4/2/2026","BigCommerce - Oracare","FedEx","FedEx","Ground","380186724077","Axiom"
"148608382","274541730","862083","17612","OraCare Health Rinse (Case of 8)","254.00","1","254.00","4/2/2026","BigCommerce - Oracare","FedEx","FedEx","Ground","380186726676","Axiom"
"152064149","281039774","862601","17612","FREE CASE- OraCare Health Rinse","0.00","1","0.00","4/27/2026","BigCommerce - Oracare","FedEx","FedEx","Ground","380840877585","Axiom"
"148608394","274555079","862085","17612","OraCare Health Rinse (Case of 8)","0.00","1","0.00","4/2/2026","BigCommerce - Oracare","FedEx","FedEx","Ground","380186729220","Axiom"
"148608429","274555080","862085","17612","OraCare Health Rinse (Case of 8)","254.00","5","1270.00","4/2/2026","BigCommerce - Oracare","FedEx","FedEx","Ground","380186727797","Axiom"
"148608288","274555082","862086","17612","OraCare Health Rinse (Case of 8)","254.00","1","254.00","4/2/2026","BigCommerce - Oracare","FedEx","FedEx","Ground","380186712110","Axiom"
"148608297","274567085","862087","17612","OraCare Health Rinse (Case of 8)","254.00","1","254.00","4/2/2026","BigCommerce - Oracare","FedEx","FedEx","Ground","380186712912","Axiom"
"148608320","274592520","862089","17612","OraCare Health Rinse (Case of 8)","0.00","3","0.00","4/2/2026","BigCommerce - Oracare","FedEx","FedEx","Ground","380186715120","Axiom"
"151775506","281016664","862561","17612","Case(s) of OraCare™ Oral Health Rinse","0.00","1","0.00","4/24/2026","XCart - Oracare","FedEx","FedEx","Ground","380785463617","Axiom"
"151775415","281013439","862595","17612","OraCare Health Rinse (Case of 8)","254.00","1","254.00","4/24/2026","BigCommerce - Oracare","FedEx","FedEx","Ground","380785448606","Axiom"
"151775419","281013438","862596","17612","OraCare Health Rinse (Case of 8)","254.00","1","254.00","4/24/2026","BigCommerce - Oracare","FedEx","FedEx","Ground","380785447632","Axiom"
"151775426","281013434","862597","17612","OraCare Health Rinse (Case of 8)","228.60","1","228.60","4/24/2026","BigCommerce - Oracare","FedEx","FedEx","Ground","380785450710","Axiom"
"148608438","274592527","862089","17612","OraCare Health Rinse (Case of 8)","234.46","13","3047.98","4/2/2026","BigCommerce - Oracare","FedEx","FedEx","Ground","380186725327","Axiom"
"148608481","274736976","862091","17612","OraCare Health Rinse (Case of 8)","0.00","1","0.00","4/2/2026","BigCommerce - Oracare","FedEx","FedEx","Ground","380186741286","Axiom"
"150752784","278802620","862410","17612","OraCare Health Rinse (Case of 8)","228.60","5","1143.00","4/17/2026","BigCommerce - Oracare","FedEx","FedEx","Ground","380594155127","Axiom"
"150752759","278802618","862410","17612","OraCare Health Rinse (Case of 8)","0.00","1","0.00","4/17/2026","BigCommerce - Oracare","FedEx","FedEx","Ground","380594153569","Axiom"
"150595054","278772919","862407","17612","OraCare Health Rinse (Case of 8)","228.60","3","685.80","4/16/2026","BigCommerce - Oracare","FedEx","FedEx","Ground","380562270396","Axiom"
"150595043","278772916","862406","17612","OraCare Health Rinse (Case of 8)","254.00","12","3048.00","4/16/2026","BigCommerce - Oracare","FedEx","FedEx","Ground","380562259689","Axiom"
"150594999","278772913","862406","17612","OraCare Health Rinse (Case of 8)","0.00","3","0.00","4/16/2026","BigCommerce - Oracare","FedEx","FedEx","Ground","380562257470","Axiom"
"150595028","278765078","862404","17612","OraCare Health Rinse (Case of 8)","254.00","2","508.00","4/16/2026","BigCommerce - Oracare","FedEx","FedEx","Ground","380562260373","Axiom"
"153126757","283515046","862760","17612","OraCare Health Rinse (Case of 8)","254.00","1","254.00","5/4/2026","BigCommerce - Oracare","FedEx","FedEx","Ground","381029730654","Axiom"
"153126773","283515040","862757","17612","OraCare Health Rinse (Case of 8)","254.00","5","1270.00","5/4/2026","BigCommerce - Oracare","FedEx","FedEx","Ground","381029731558","Axiom"
"153126816","283515033","862759","17612","OraCare Health Rinse (Case of 8)","254.00","5","1270.00","5/4/2026","BigCommerce - Oracare","FedEx","FedEx","Ground","381029734579","Axiom"
"153126707","283478158","862756","17612","OraCare Health Rinse (Case of 8)","254.00","1","254.00","5/4/2026","BigCommerce - Oracare","FedEx","FedEx","Ground","381029725644","Axiom"
"150595021","278765077","862403","17612","OraCare Health Rinse (Case of 8)","254.00","12","3048.00","4/16/2026","BigCommerce - Oracare","FedEx","FedEx","Ground","380562253095","Axiom"
"150594985","278765076","862403","17612","OraCare Health Rinse (Case of 8)","0.00","3","0.00","4/16/2026","BigCommerce - Oracare","FedEx","FedEx","Ground","380562254850","Axiom"
"153126712","282928297","862752","17612","OraCare Health Rinse (Case of 8)","254.00","1","254.00","5/4/2026","BigCommerce - Oracare","FedEx","FedEx","Ground","381029731433","Axiom"
"153126745","282928291","862751","17612","OraCare Health Rinse (Case of 8)","254.00","1","254.00","5/4/2026","BigCommerce - Oracare","FedEx","FedEx","Ground","381029730150","Axiom"
"153126713","282921759","862749","17612","FREE CASE- OraCare Health Rinse","0.00","1","0.00","5/4/2026","BigCommerce - Oracare","FedEx","FedEx","Ground","381029731617","Axiom"
"153126818","282921718","862749","17612","OraCare Health Rinse (Case of 8)","228.60","5","1143.00","5/4/2026","BigCommerce - Oracare","FedEx","FedEx","Ground","381029737990","Axiom"
"150594965","278750842","862402","17612","FREE CASE- OraCare Health Rinse","0.00","1","0.00","4/16/2026","BigCommerce - Oracare","FedEx","FedEx","Ground","380562253030","Axiom"
"153126774","282894856","862748","17612","OraCare Health Rinse (Case of 8)","254.00","1","254.00","5/4/2026","BigCommerce - Oracare","FedEx","FedEx","Ground","381029733171","Axiom"
"153126763","282894853","862747","17612","OraCare Health Rinse (Case of 8)","228.60","5","1143.00","5/4/2026","BigCommerce - Oracare","FedEx","FedEx","Ground","381029729628","Axiom"
"152813082","282840803","862744","17612","FREE CASE- OraCare Health Rinse","0.00","1","0.00","5/1/2026","BigCommerce - Oracare","FedEx","FedEx","Ground","380975469219","Axiom"
"152813079","282840782","862739","17612","OraCare Health Rinse (Case of 8)","254.00","2","508.00","5/1/2026","BigCommerce - Oracare","FedEx","FedEx","Ground","380975466930","Axiom"
"152813073","282840778","862743","17612","OraCare Health Rinse (Case of 8)","254.00","1","254.00","5/1/2026","BigCommerce - Oracare","FedEx","FedEx","Ground","380975467179","Axiom"
"152813067","282840777","862740","17612","OraCare Health Rinse (Case of 8)","254.00","1","254.00","5/1/2026","BigCommerce - Oracare","FedEx","FedEx","Ground","380975466209","Axiom"
"152813154","282840773","862744","17612","OraCare Health Rinse (Case of 8)","254.00","5","1270.00","5/1/2026","BigCommerce - Oracare","FedEx","FedEx","Ground","380975482374","Axiom"
"152813147","282840771","862738","17612","OraCare Health Rinse (Case of 8)","254.00","1","254.00","5/1/2026","BigCommerce - Oracare","FedEx","FedEx","Ground","380975480706","Axiom"
"152813144","282836409","862598","17612","FREE CASE- OraCare Health Rinse","0.00","1","0.00","5/1/2026","BigCommerce - Oracare","FedEx","FedEx","Ground","380975480393","Axiom"
"152813140","282811002","862736","17612","OraCare Health Rinse (Case of 8)","177.80","8","1422.40","5/1/2026","BigCommerce - Oracare","FedEx","FedEx","Ground","380975475730","Axiom"
"152813112","282810997","862737","17612","OraCare Health Rinse (Case of 8)","177.80","12","2133.60","5/1/2026","BigCommerce - Oracare","FedEx","FedEx","Ground","380975464309","Axiom"
"152813095","282675593","862733","17612","FREE CASE- OraCare Health Rinse","0.00","1","0.00","5/1/2026","BigCommerce - Oracare","FedEx","FedEx","Ground","380975471024","Axiom"
"150594983","278742963","862396","17612","OraCare Health Rinse (Case of 8)","254.00","1","254.00","4/16/2026","BigCommerce - Oracare","FedEx","FedEx","Ground","380562254985","Axiom"
"150594998","278742962","862400","17612","OraCare Health Rinse (Case of 8)","254.00","1","254.00","4/16/2026","BigCommerce - Oracare","FedEx","FedEx","Ground","380562258487","Axiom"
"150595050","278742959","862399","17612","OraCare Health Rinse (Case of 8)","254.00","5","1270.00","4/16/2026","BigCommerce - Oracare","FedEx","FedEx","Ground","380562267356","Axiom"
"150595037","278742958","862399","17612","OraCare Health Rinse (Case of 8)","0.00","1","0.00","4/16/2026","BigCommerce - Oracare","FedEx","FedEx","Ground","380562266100","Axiom"
"152813099","282640697","862730","17612","OraCare Health Rinse (Case of 8)","254.00","2","508.00","5/1/2026","BigCommerce - Oracare","FedEx","FedEx","Ground","380975472145","Axiom"
"152813088","282640694","862732","17612","OraCare Health Rinse (Case of 8)","254.00","5","1270.00","5/1/2026","BigCommerce - Oracare","FedEx","FedEx","Ground","380975469046","Axiom"
"152813074","282640693","862729","17612","OraCare Health Rinse (Case of 8)","254.00","1","254.00","5/1/2026","BigCommerce - Oracare","FedEx","FedEx","Ground","380975468040","Axiom"
"152813066","282640692","862731","17612","OraCare Health Rinse (Case of 8)","254.00","1","254.00","5/1/2026","BigCommerce - Oracare","FedEx","FedEx","Ground","380975466871","Axiom"
"152813106","282640689","862728","17612","OraCare Health Rinse (Case of 8)","254.00","5","1270.00","5/1/2026","BigCommerce - Oracare","FedEx","FedEx","Ground","380975469929","Axiom"
"152813078","282618733","862727","17612","FREE CASE- OraCare Health Rinse","0.00","1","0.00","5/1/2026","BigCommerce - Oracare","FedEx","FedEx","Ground","380975468370","Axiom"
"150594978","278742957","862395","17612","OraCare Health Rinse (Case of 8)","0.00","1","0.00","4/16/2026","BigCommerce - Oracare","FedEx","FedEx","Ground","380562252191","Axiom"
"150595011","278720446","862393","17612","OraCare Health Rinse (Case of 8)","254.00","3","762.00","4/16/2026","BigCommerce - Oracare","FedEx","FedEx","Ground","380562259461","Axiom"
"150595033","278720445","862394","17612","OraCare Health Rinse (Case of 8)","0.00","6","0.00","4/16/2026","BigCommerce - Oracare","FedEx","FedEx","Ground","380562261369","Axiom"
"152813103","282596702","862719","17612","FREE CASE- OraCare Health Rinse","0.00","1","0.00","5/1/2026","BigCommerce - Oracare","FedEx","FedEx","Ground","380975471712","Axiom"
"152813097","282596692","862720","17612","OraCare Health Rinse (Case of 8)","228.60","2","457.20","5/1/2026","BigCommerce - Oracare","FedEx","FedEx","Ground","380975470782","Axiom"
"152813086","282596689","862719","17612","OraCare Health Rinse (Case of 8)","254.00","5","1270.00","5/1/2026","BigCommerce - Oracare","FedEx","FedEx","Ground","380975466676","Axiom"
"150594995","278720443","862392","17612","OraCare Health Rinse (Case of 8)","0.00","6","0.00","4/16/2026","BigCommerce - Oracare","FedEx","FedEx","Ground","380562253794","Axiom"
"150595026","278558693","862385","17612","OraCare Health Rinse (Case of 8)","0.00","2","0.00","4/16/2026","BigCommerce - Oracare","FedEx","FedEx","Ground","380562262229","Axiom"
"150595019","278539084","862381","17612","OraCare Health Rinse (Case of 8)","254.00","1","254.00","4/16/2026","BigCommerce - Oracare","FedEx","FedEx","Ground","380562261943","Axiom"
"150595010","278539083","862383","17612","OraCare Health Rinse (Case of 8)","0.00","2","0.00","4/16/2026","BigCommerce - Oracare","FedEx","FedEx","Ground","380562260156","Axiom"
"152649185","282565090","862716","17612","OraCare Health Rinse (Case of 8)","254.00","3","762.00","4/30/2026","BigCommerce - Oracare","FedEx","FedEx","Ground","380945662824","Axiom"
"150594993","278514583","862379","17612","OraCare Health Rinse (Case of 8)","215.90","2","431.80","4/16/2026","BigCommerce - Oracare","FedEx","FedEx","Ground","380562256900","Axiom"
"152648983","282537927","862709","17612","OraCare Health Rinse (Case of 8)","254.00","1","254.00","4/30/2026","BigCommerce - Oracare","FedEx","FedEx","Ground","380945647927","Axiom"
"152649126","282537925","862708","17612","OraCare Health Rinse (Case of 8)","254.00","1","254.00","4/30/2026","BigCommerce - Oracare","FedEx","FedEx","Ground","380945659703","Axiom"
"152649120","282512647","862707","17612","FREE CASE- OraCare Health Rinse","0.00","1","0.00","4/30/2026","BigCommerce - Oracare","FedEx","FedEx","Ground","380945656314","Axiom"
"152649115","282512605","862705","17612","FREE CASE- OraCare Health Rinse","0.00","1","0.00","4/30/2026","BigCommerce - Oracare","FedEx","FedEx","Ground","380945657192","Axiom"
"150594986","278514579","862378","17612","OraCare Health Rinse (Case of 8)","254.00","5","1270.00","4/16/2026","BigCommerce - Oracare","FedEx","FedEx","Ground","380562252099","Axiom"
"150595020","278514575","862378","17612","OraCare Health Rinse (Case of 8)","0.00","1","0.00","4/16/2026","BigCommerce - Oracare","FedEx","FedEx","Ground","380562262181","Axiom"
"150441020","278489085","862371","17612","FREE CASE- OraCare Health Rinse","0.00","1","0.00","4/15/2026","BigCommerce - Oracare","FedEx","FedEx","Ground","380530937520","Axiom"
"150752723","278488057","862369","17612","FREE CASE- OraCare Health Rinse","0.00","1","0.00","4/17/2026","BigCommerce - Oracare","FedEx","FedEx","Ground","380594148581","Axiom"
"150440993","278482433","862373","17612","FREE CASE- OraCare Health Rinse","0.00","1","0.00","4/15/2026","BigCommerce - Oracare","FedEx","FedEx","Ground","380530934450","Axiom"
"152649163","282493527","862702","17612","OraCare Health Rinse (Case of 8)","254.00","5","1270.00","4/30/2026","BigCommerce - Oracare","FedEx","FedEx","Ground","380945659622","Axiom"
"152649108","282480304","862701","17612","OraCare Health Rinse (Case of 8)","254.00","12","3048.00","4/30/2026","BigCommerce - Oracare","FedEx","FedEx","Ground","380945648360","Axiom"
"150440945","278479216","862366","17612","FREE CASE- OraCare Health Rinse","0.00","1","0.00","4/15/2026","BigCommerce - Oracare","FedEx","FedEx","Ground","380530925813","Axiom"
"150440939","278478060","862362","17612","FREE CASE- OraCare Health Rinse","0.00","1","0.00","4/15/2026","BigCommerce - Oracare","FedEx","FedEx","Ground","380530926316","Axiom"
"150440930","278478039","862361","17612","FREE CASE- OraCare Health Rinse","0.00","1","0.00","4/15/2026","BigCommerce - Oracare","FedEx","FedEx","Ground","380530924655","Axiom"
"150440923","278478009","862360","17612","FREE CASE- OraCare Health Rinse","0.00","1","0.00","4/15/2026","BigCommerce - Oracare","FedEx","FedEx","Ground","380530924622","Axiom"
"150440887","278477392","862347","17612","FREE CASE- OraCare Health Rinse","0.00","2","0.00","4/15/2026","BigCommerce - Oracare","FedEx","FedEx","Ground","380530919987","Axiom"
"150440983","278477282","862357","17612","OraCare Health Rinse (Case of 8)","254.00","1","254.00","4/15/2026","BigCommerce - Oracare","FedEx","FedEx","Ground","380530929197","Axiom"
"152648982","282353078","862697","17612","OraCare Health Rinse (Case of 8)","254.00","1","254.00","4/30/2026","BigCommerce - Oracare","FedEx","FedEx","Ground","380945647294","Axiom"
"152649106","282353071","862695","17612","OraCare Health Rinse (Case of 8)","254.00","1","254.00","4/30/2026","BigCommerce - Oracare","FedEx","FedEx","Ground","380945657078","Axiom"
"150440955","278458459","862346","17612","OraCare Health Rinse (Case of 8)","228.60","3","685.80","4/15/2026","BigCommerce - Oracare","FedEx","FedEx","Ground","380530926290","Axiom"
"152649008","282329152","862686","17612","OraCare Health Rinse (Case of 8)","254.00","1","254.00","4/30/2026","BigCommerce - Oracare","FedEx","FedEx","Ground","380945647971","Axiom"
"152648985","282329150","862687","17612","OraCare Health Rinse (Case of 8)","254.00","1","254.00","4/30/2026","BigCommerce - Oracare","FedEx","FedEx","Ground","380945648029","Axiom"
"152649077","282329147","862685","17612","OraCare Health Rinse (Case of 8)","254.00","1","254.00","4/30/2026","BigCommerce - Oracare","FedEx","FedEx","Ground","380945653587","Axiom"
"152649067","282329142","862684","17612","OraCare Health Rinse (Case of 8)","254.00","1","254.00","4/30/2026","BigCommerce - Oracare","FedEx","FedEx","Ground","380945652661","Axiom"
"152649052","282329139","862683","17612","OraCare Health Rinse (Case of 8)","254.00","2","508.00","4/30/2026","BigCommerce - Oracare","FedEx","FedEx","Ground","380945648588","Axiom"
"150440928","278458455","862345","17612","OraCare Health Rinse (Case of 8)","254.00","4","1016.00","4/15/2026","BigCommerce - Oracare","FedEx","FedEx","Ground","380530923100","Axiom"
"152649007","282318122","862682","17612","OraCare Health Rinse (Case of 8)","254.00","1","254.00","4/30/2026","BigCommerce - Oracare","FedEx","FedEx","Ground","380945648280","Axiom"
"152648981","282315505","862659","17612","FREE CASE- OraCare Health Rinse","0.00","1","0.00","4/30/2026","BigCommerce - Oracare","FedEx","FedEx","Ground","380945647824","Axiom"
"152475324","282299693","862680","17612","FREE CASE- OraCare Health Rinse","0.00","1","0.00","4/29/2026","BigCommerce - Oracare","FedEx","FedEx","Ground","380913353160","Axiom"
"152475320","282297952","862678","17612","FREE CASE- OraCare Health Rinse","0.00","1","0.00","4/29/2026","BigCommerce - Oracare","FedEx","FedEx","Ground","380913351937","Axiom"
"152475315","282295998","862677","17612","FREE CASE- OraCare Health Rinse","0.00","1","0.00","4/29/2026","BigCommerce - Oracare","FedEx","FedEx","Ground","380913351580","Axiom"
"153703606","283921405","862836","17612","FREE CASE- OraCare Health Rinse","0.00","1","0.00","5/7/2026","BigCommerce - Oracare","FedEx","FedEx","Ground","381134246592","Axiom"
"151277536","279884271","862464","17612","OraCare Health Rinse (Case of 8)","254.00","1","254.00","4/21/2026","BigCommerce - Oracare","FedEx","FedEx","Ground","380691687748","Axiom"
"153703450","283921254","862838","17612","OraCare Health Rinse (Case of 8)","254.00","1","254.00","5/7/2026","BigCommerce - Oracare","FedEx","FedEx","Ground","381134234522","Axiom"
"153703428","283921250","862836","17612","OraCare Health Rinse (Case of 8)","254.00","5","1270.00","5/7/2026","BigCommerce - Oracare","FedEx","FedEx","Ground","381134231291","Axiom"
"153703345","283921248","862845","17612","OraCare Health Rinse (Case of 8)","254.00","1","254.00","5/7/2026","BigCommerce - Oracare","FedEx","FedEx","Ground","381134230354","Axiom"
"153703776","283921243","862840","17612","OraCare Health Rinse (Case of 8)","254.00","1","254.00","5/7/2026","BigCommerce - Oracare","FedEx","FedEx","Ground","381134261982","Axiom"
"153703772","283921242","862837","17612","OraCare Health Rinse (Case of 8)","254.00","2","508.00","5/7/2026","BigCommerce - Oracare","FedEx","FedEx","Ground","381134260416","Axiom"
"153703755","283921235","862835","17612","OraCare Health Rinse (Case of 8)","254.00","5","1270.00","5/7/2026","BigCommerce - Oracare","FedEx","FedEx","Ground","381134255071","Axiom"
"153703729","283921233","862839","17612","OraCare Health Rinse (Case of 8)","254.00","2","508.00","5/7/2026","BigCommerce - Oracare","FedEx","FedEx","Ground","381134250893","Axiom"
"153703718","283899129","862831","17612","FREE CASE- OraCare Health Rinse","0.00","1","0.00","5/7/2026","BigCommerce - Oracare","FedEx","FedEx","Ground","381134253149","Axiom"
"153703712","283898846","862830","17612","FREE CASE- OraCare Health Rinse","0.00","1","0.00","5/7/2026","BigCommerce - Oracare","FedEx","FedEx","Ground","381134253686","Axiom"
"153703702","283898827","862829","17612","FREE CASE- OraCare Health Rinse","0.00","1","0.00","5/7/2026","BigCommerce - Oracare","FedEx","FedEx","Ground","381134251098","Axiom"
"151277672","279800063","862454","17612","OraCare Health Rinse (Case of 8)","228.60","30","6858.00","4/21/2026","BigCommerce - Oracare","FedEx","FedEx","Ground","380691684212","Axiom"
"153703663","283898720","862832","17612","OraCare Health Rinse (Case of 8)","254.00","1","254.00","5/7/2026","BigCommerce - Oracare","FedEx","FedEx","Ground","381134249396","Axiom"
"153703650","283898715","862830","17612","OraCare Health Rinse (Case of 8)","254.00","6","1524.00","5/7/2026","BigCommerce - Oracare","FedEx","FedEx","Ground","381134245770","Axiom"
"153703578","283898712","862831","17612","OraCare Health Rinse (Case of 8)","254.00","5","1270.00","5/7/2026","BigCommerce - Oracare","FedEx","FedEx","Ground","381134241270","Axiom"
"153703523","283898702","862834","17612","OraCare Health Rinse (Case of 8)","254.00","5","1270.00","5/7/2026","BigCommerce - Oracare","FedEx","FedEx","Ground","381134236190","Axiom"
"153703403","283898689","862829","17612","OraCare Health Rinse (Case of 8)","254.00","2","508.00","5/7/2026","BigCommerce - Oracare","FedEx","FedEx","Ground","381134232210","Axiom"
"153703363","283898682","862825","17612","OraCare Health Rinse (Case of 8)","254.00","2","508.00","5/7/2026","BigCommerce - Oracare","FedEx","FedEx","Ground","381134230457","Axiom"
"153348546","283874650","862820","17612","FREE CASE- OraCare Health Rinse","0.00","1","0.00","5/5/2026","BigCommerce - Oracare","FedEx","FedEx","Ground","381068050687","Axiom"
"151045056","279727745","862448","17612","OraCare Health Rinse (Case of 8)","254.00","1","254.00","4/20/2026","BigCommerce - Oracare","FedEx","FedEx","Ground","380649467699","Axiom"
"151045075","279727740","862447","17612","OraCare Health Rinse (Case of 8)","254.00","2","508.00","4/20/2026","BigCommerce - Oracare","FedEx","FedEx","Ground","380649467200","Axiom"
"153348455","283874074","862810","17612","FREE CASE- OraCare Health Rinse","0.00","1","0.00","5/5/2026","BigCommerce - Oracare","FedEx","FedEx","Ground","381068047202","Axiom"
"151045076","279685712","862442","17612","OraCare Health Rinse (Case of 8)","254.00","1","254.00","4/20/2026","BigCommerce - Oracare","FedEx","FedEx","Ground","380649468890","Axiom"
"151045113","279135093","862440","17612","OraCare Health Rinse (Case of 8)","254.00","5","1270.00","4/20/2026","BigCommerce - Oracare","FedEx","FedEx","Ground","380649464185","Axiom"
"151045059","279135089","862440","17612","OraCare Health Rinse (Case of 8)","0.00","1","0.00","4/20/2026","BigCommerce - Oracare","FedEx","FedEx","Ground","380649467791","Axiom"
"153348336","283874026","862819","17612","OraCare Health Rinse (Case of 8)","254.00","3","762.00","5/5/2026","BigCommerce - Oracare","FedEx","FedEx","Ground","381068038285","Axiom"
"153348295","283874023","862821","17612","OraCare Health Rinse (Case of 8)","254.00","3","762.00","5/5/2026","BigCommerce - Oracare","FedEx","FedEx","Ground","381068036021","Axiom"
"153348256","283874015","862811","17612","OraCare Health Rinse (Case of 8)","254.00","2","508.00","5/5/2026","BigCommerce - Oracare","FedEx","FedEx","Ground","381068033537","Axiom"
"151045114","279108485","862439","17612","OraCare Health Rinse (Case of 8)","254.00","1","254.00","4/20/2026","BigCommerce - Oracare","FedEx","FedEx","Ground","380649472698","Axiom"
"151045103","279108482","862438","17612","OraCare Health Rinse (Case of 8)","254.00","5","1270.00","4/20/2026","BigCommerce - Oracare","FedEx","FedEx","Ground","380649467611","Axiom"
"151045156","279108480","862438","17612","OraCare Health Rinse (Case of 8)","0.00","1","0.00","4/20/2026","BigCommerce - Oracare","FedEx","FedEx","Ground","380649478207","Axiom"
"151045144","279075929","100633","17612","Case(s) of OraCare™ Oral Health Rinse","0.00","12","0.00","4/20/2026","XCart - Oracare","FedEx","FedEx","Ground","380649466854","Axiom"
"150752811","279068123","862437","17612","OraCare Health Rinse (Case of 8)","254.00","5","1270.00","4/17/2026","BigCommerce - Oracare","FedEx","FedEx","Ground","380594156112","Axiom"
"150752783","279068121","862437","17612","OraCare Health Rinse (Case of 8)","0.00","1","0.00","4/17/2026","BigCommerce - Oracare","FedEx","FedEx","Ground","380594157862","Axiom"
"153348327","283849718","862804","17612","FREE CASE- OraCare Health Rinse","0.00","2","0.00","5/5/2026","BigCommerce - Oracare","FedEx","FedEx","Ground","381068039329","Axiom"
"153348300","283849350","862803","17612","FREE CASE- OraCare Health Rinse","0.00","1","0.00","5/5/2026","BigCommerce - Oracare","FedEx","FedEx","Ground","381068038090","Axiom"
"153348277","283848570","862802","17612","FREE CASE- OraCare Health Rinse","0.00","1","0.00","5/5/2026","BigCommerce - Oracare","FedEx","FedEx","Ground","381068031270","Axiom"
"153348270","283848558","862801","17612","FREE CASE- OraCare Health Rinse","0.00","2","0.00","5/5/2026","BigCommerce - Oracare","FedEx","FedEx","Ground","381068034544","Axiom"
"153348250","283848429","862800","17612","FREE CASE- OraCare Health Rinse","0.00","2","0.00","5/5/2026","BigCommerce - Oracare","FedEx","FedEx","Ground","381068030652","Axiom"
"153348238","283848406","862798","17612","FREE CASE- OraCare Health Rinse","0.00","1","0.00","5/5/2026","BigCommerce - Oracare","FedEx","FedEx","Ground","381068031854","Axiom"
"153348229","283848383","862803","17612","OraCare Health Rinse (Case of 8)","254.00","2","508.00","5/5/2026","BigCommerce - Oracare","FedEx","FedEx","Ground","381068030023","Axiom"
"153348622","283848378","862802","17612","OraCare Health Rinse (Case of 8)","254.00","1","254.00","5/5/2026","BigCommerce - Oracare","FedEx","FedEx","Ground","381068052727","Axiom"
"153348605","283848377","862799","17612","OraCare Health Rinse (Case of 8)","254.00","1","254.00","5/5/2026","BigCommerce - Oracare","FedEx","FedEx","Ground","381068052782","Axiom"
"153348582","283848374","862798","17612","OraCare Health Rinse (Case of 8)","254.00","4","1016.00","5/5/2026","BigCommerce - Oracare","FedEx","FedEx","Ground","381068049308","Axiom"
"153348509","283848372","862804","17612","OraCare Health Rinse (Case of 8)","254.00","8","2032.00","5/5/2026","BigCommerce - Oracare","FedEx","FedEx","Ground","381068043321","Axiom"
"153348369","283848367","862800","17612","OraCare Health Rinse (Case of 8)","254.00","5","1270.00","5/5/2026","BigCommerce - Oracare","FedEx","FedEx","Ground","381068039086","Axiom"
"153348305","283848364","862801","17612","OraCare Health Rinse (Case of 8)","254.00","6","1524.00","5/5/2026","BigCommerce - Oracare","FedEx","FedEx","Ground","381068034279","Axiom"
"150752781","279043933","862436","17612","OraCare Health Rinse (Case of 8)","228.60","2","457.20","4/17/2026","BigCommerce - Oracare","FedEx","FedEx","Ground","380594155105","Axiom"
"150752770","279043932","862433","17612","OraCare Health Rinse (Case of 8)","254.00","5","1270.00","4/17/2026","BigCommerce - Oracare","FedEx","FedEx","Ground","380594150364","Axiom"
"153348239","283843259","862793","17612","FREE CASE- OraCare Health Rinse","0.00","1","0.00","5/5/2026","BigCommerce - Oracare","FedEx","FedEx","Ground","381068032405","Axiom"
"153348232","283842218","862792","17612","FREE CASE- OraCare Health Rinse","0.00","1","0.00","5/5/2026","BigCommerce - Oracare","FedEx","FedEx","Ground","381068030480","Axiom"
"153348219","283842140","862789","17612","FREE CASE- OraCare Health Rinse","0.00","1","0.00","5/5/2026","BigCommerce - Oracare","FedEx","FedEx","Ground","381068030104","Axiom"
"153348484","283841645","862788","17612","FREE CASE- OraCare Health Rinse","0.00","1","0.00","5/5/2026","BigCommerce - Oracare","FedEx","FedEx","Ground","381068047739","Axiom"
"153348463","283841519","862787","17612","FREE CASE- OraCare Health Rinse","0.00","2","0.00","5/5/2026","BigCommerce - Oracare","FedEx","FedEx","Ground","381068046375","Axiom"
"153348421","283841168","862786","17612","FREE CASE- OraCare Health Rinse","0.00","1","0.00","5/5/2026","BigCommerce - Oracare","FedEx","FedEx","Ground","381068045883","Axiom"
"153348402","283841127","862784","17612","FREE CASE- OraCare Health Rinse","0.00","1","0.00","5/5/2026","BigCommerce - Oracare","FedEx","FedEx","Ground","381068043560","Axiom"
"153348382","283841102","862795","17612","OraCare Health Rinse (Case of 8)","254.00","1","254.00","5/5/2026","BigCommerce - Oracare","FedEx","FedEx","Ground","381068043685","Axiom"
"153348367","283841101","862794","17612","OraCare Health Rinse (Case of 8)","254.00","4","1016.00","5/5/2026","BigCommerce - Oracare","FedEx","FedEx","Ground","381068039395","Axiom"
"150752740","279043929","862433","17612","OraCare Health Rinse (Case of 8)","0.00","1","0.00","4/17/2026","BigCommerce - Oracare","FedEx","FedEx","Ground","380594149625","Axiom"
"150752711","278879807","862429","17612","OraCare Health Rinse (Case of 8)","254.00","2","508.00","4/17/2026","BigCommerce - Oracare","FedEx","FedEx","Ground","380594144575","Axiom"
"153348290","283841093","862786","17612","OraCare Health Rinse (Case of 8)","254.00","5","1270.00","5/5/2026","BigCommerce - Oracare","FedEx","FedEx","Ground","381068030663","Axiom"
"153348247","283841089","862797","17612","OraCare Health Rinse (Case of 8)","254.00","3","762.00","5/5/2026","BigCommerce - Oracare","FedEx","FedEx","Ground","381068026454","Axiom"
"153348221","283841085","862788","17612","OraCare Health Rinse (Case of 8)","254.00","1","254.00","5/5/2026","BigCommerce - Oracare","FedEx","FedEx","Ground","381068029762","Axiom"
"153348618","283841082","862782","17612","OraCare Health Rinse (Case of 8)","254.00","1","254.00","5/5/2026","BigCommerce - Oracare","FedEx","FedEx","Ground","381068049488","Axiom"
"153348598","283841078","862796","17612","OraCare Health Rinse (Case of 8)","254.00","2","508.00","5/5/2026","BigCommerce - Oracare","FedEx","FedEx","Ground","381068050952","Axiom"
"153348551","283841074","862793","17612","OraCare Health Rinse (Case of 8)","254.00","5","1270.00","5/5/2026","BigCommerce - Oracare","FedEx","FedEx","Ground","381068047224","Axiom"
"153348443","283841071","862792","17612","OraCare Health Rinse (Case of 8)","254.00","2","508.00","5/5/2026","BigCommerce - Oracare","FedEx","FedEx","Ground","381068044718","Axiom"
"153348401","283841068","862789","17612","OraCare Health Rinse (Case of 8)","254.00","1","254.00","5/5/2026","BigCommerce - Oracare","FedEx","FedEx","Ground","381068044501","Axiom"
"153348383","283841066","862785","17612","OraCare Health Rinse (Case of 8)","254.00","1","254.00","5/5/2026","BigCommerce - Oracare","FedEx","FedEx","Ground","381068043674","Axiom"
"153348348","283841056","862784","17612","OraCare Health Rinse (Case of 8)","254.00","5","1270.00","5/5/2026","BigCommerce - Oracare","FedEx","FedEx","Ground","381068038300","Axiom"
"153348283","283841051","862787","17612","OraCare Health Rinse (Case of 8)","254.00","6","1524.00","5/5/2026","BigCommerce - Oracare","FedEx","FedEx","Ground","381068031383","Axiom"
"153348231","283841050","862783","17612","OraCare Health Rinse (Case of 8)","254.00","1","254.00","5/5/2026","BigCommerce - Oracare","FedEx","FedEx","Ground","381068030582","Axiom"
"153348218","283819873","862781","17612","FREE CASE- OraCare Health Rinse","0.00","1","0.00","5/5/2026","BigCommerce - Oracare","FedEx","FedEx","Ground Hm","381068029821","Axiom"
"153348494","283819853","862781","17612","OraCare Health Rinse (Case of 8)","254.00","5","1270.00","5/5/2026","BigCommerce - Oracare","FedEx","FedEx","Ground Hm","381068038859","Axiom"
"150752787","278852096","862428","17612","OraCare Health Rinse (Case of 8)","254.00","5","1270.00","4/17/2026","BigCommerce - Oracare","FedEx","FedEx","Ground","380594155116","Axiom"
"153348368","283657127","862779","17612","FREE CASE- OraCare Health Rinse","0.00","1","0.00","5/5/2026","BigCommerce - Oracare","FedEx","FedEx","Ground","381068042428","Axiom"
"150752772","278852095","862428","17612","OraCare Health Rinse (Case of 8)","0.00","1","0.00","4/17/2026","BigCommerce - Oracare","FedEx","FedEx","Ground","380594154680","Axiom"
"153348254","283627342","862776","17612","OraCare Health Rinse (Case of 8)","254.00","1","254.00","5/5/2026","BigCommerce - Oracare","FedEx","FedEx","Ground","381068033949","Axiom"
"153348236","283592708","862770","17612","OraCare Health Rinse (Case of 8)","254.00","1","254.00","5/5/2026","BigCommerce - Oracare","FedEx","FedEx","Ground","381068031475","Axiom"
"153127004","283576341","862768","17612","FREE CASE- OraCare Health Rinse","0.00","3","0.00","5/4/2026","BigCommerce - Oracare","FedEx","FedEx","Ground","381029769080","Axiom"
"150752701","278802623","862411","17612","OraCare Health Rinse (Case of 8)","254.00","1","254.00","4/17/2026","BigCommerce - Oracare","FedEx","FedEx","Ground","380594144976","Axiom"
"153870961","284674985","862919","17612","OraCare Health Rinse (Case of 8)","254.00","1","254.00","5/8/2026","BigCommerce - Oracare","FedEx","FedEx","Ground","381165146956","Axiom"
"151614812","280674224","862550","17612","OraCare Health Rinse (Case of 8)","254.00","12","3048.00","4/23/2026","BigCommerce - Oracare","FedEx","FedEx","Ground","380755291078","Axiom"
"151614747","280674223","862550","17612","OraCare Health Rinse (Case of 8)","0.00","3","0.00","4/23/2026","BigCommerce - Oracare","FedEx","FedEx","Ground","380755287410","Axiom"
"151614731","280654419","862548","17612","OraCare Health Rinse (Case of 8)","254.00","12","3048.00","4/23/2026","BigCommerce - Oracare","FedEx","FedEx","Ground","380755277980","Axiom"
"153870963","284542257","862916","17612","OraCare Health Rinse (Case of 8)","254.00","12","3048.00","5/8/2026","BigCommerce - Oracare","FedEx","FedEx","Ground","381165139998","Axiom"
"153870913","284542253","862915","17612","OraCare Health Rinse (Case of 8)","254.00","2","508.00","5/8/2026","BigCommerce - Oracare","FedEx","FedEx","Ground","381165136793","Axiom"
"153870906","284542252","862914","17612","OraCare Health Rinse (Case of 8)","254.00","5","1270.00","5/8/2026","BigCommerce - Oracare","FedEx","FedEx","Ground","381165131920","Axiom"
"153870920","284524705","862913","17612","FREE CASE- OraCare Health Rinse","0.00","1","0.00","5/8/2026","BigCommerce - Oracare","FedEx","FedEx","Ground","381165136554","Axiom"
"153870914","284524665","862913","17612","OraCare Health Rinse (Case of 8)","254.00","5","1270.00","5/8/2026","BigCommerce - Oracare","FedEx","FedEx","Ground","381165133897","Axiom"
"153870893","284524658","862912","17612","OraCare Health Rinse (Case of 8)","254.00","1","254.00","5/8/2026","BigCommerce - Oracare","FedEx","FedEx","Ground","381165132732","Axiom"
"153870954","284503872","862909","17612","FREE CASE- OraCare Health Rinse","0.00","1","0.00","5/8/2026","BigCommerce - Oracare","FedEx","FedEx","Ground","381165146533","Axiom"
"151614659","280654418","862548","17612","OraCare Health Rinse (Case of 8)","0.00","3","0.00","4/23/2026","BigCommerce - Oracare","FedEx","FedEx","Ground","380755275781","Axiom"
"151614657","280508608","862547","17612","OraCare Health Rinse (Case of 8)","254.00","1","254.00","4/23/2026","BigCommerce - Oracare","FedEx","FedEx","Ground","380755276480","Axiom"
"153870912","284489134","862906","17612","OraCare Health Rinse (Case of 8)","254.00","1","254.00","5/8/2026","BigCommerce - Oracare","FedEx","FedEx","Ground Hm","381165133073","Axiom"
"153870910","284460004","862904","17612","FREE CASE- OraCare Health Rinse","0.00","1","0.00","5/8/2026","BigCommerce - Oracare","FedEx","FedEx","Ground","381165135179","Axiom"
"151614653","280508597","862546","17612","OraCare Health Rinse (Case of 8)","228.60","1","228.60","4/23/2026","BigCommerce - Oracare","FedEx","FedEx","Ground","380755274112","Axiom"
"151614640","280451425","862539","17612","FREE CASE- OraCare Health Rinse","0.00","1","0.00","4/23/2026","BigCommerce - Oracare","FedEx","FedEx","Ground","380755273594","Axiom"
"151614695","280416366","862534","17612","OraCare Health Rinse (Case of 8)","254.00","2","508.00","4/23/2026","BigCommerce - Oracare","FedEx","FedEx","Ground","380755279272","Axiom"
"151614671","280416364","862535","17612","OraCare Health Rinse (Case of 8)","254.00","9","2286.00","4/23/2026","BigCommerce - Oracare","FedEx","FedEx","Ground","380755272874","Axiom"
"151614627","280416363","862535","17612","OraCare Health Rinse (Case of 8)","0.00","1","0.00","4/23/2026","BigCommerce - Oracare","FedEx","FedEx","Ground","380755270838","Axiom"
"151447429","280378800","862525","17612","OraCare Health Rinse (Case of 8)","254.00","1","254.00","4/22/2026","BigCommerce - Oracare","FedEx","FedEx","Ground","380722758482","Axiom"
"151447420","280378798","862527","17612","OraCare Health Rinse (Case of 8)","254.00","2","508.00","4/22/2026","BigCommerce - Oracare","FedEx","FedEx","Ground","380722755233","Axiom"
"151447412","280357295","862517","17612","OraCare Health Rinse (Case of 8)","254.00","5","1270.00","4/22/2026","BigCommerce - Oracare","FedEx","FedEx","Ground","380722752304","Axiom"
"153703771","284457719","862904","17612","OraCare Health Rinse (Case of 8)","254.00","5","1270.00","5/7/2026","BigCommerce - Oracare","FedEx","FedEx","Ground","381134258449","Axiom"
"151447386","280357293","862517","17612","OraCare Health Rinse (Case of 8)","0.00","1","0.00","4/22/2026","BigCommerce - Oracare","FedEx","FedEx","Ground","380722752370","Axiom"
"151447377","280357292","862516","17612","OraCare Health Rinse (Case of 8)","254.00","2","508.00","4/22/2026","BigCommerce - Oracare","FedEx","FedEx","Ground","380722749640","Axiom"
"151447419","280344765","862514","17612","OraCare Health Rinse (Case of 8)","228.60","2","457.20","4/22/2026","BigCommerce - Oracare","FedEx","FedEx","Ground","380722755531","Axiom"
"151447540","280289961","862512","17612","OraCare Health Rinse (Case of 8)","254.00","12","3048.00","4/22/2026","BigCommerce - Oracare","FedEx","FedEx","Ground","380722769402","Axiom"
"153703416","284400407","862893","17612","OraCare Health Rinse (Case of 8)","254.00","5","1270.00","5/7/2026","BigCommerce - Oracare","FedEx","FedEx","Ground","381134229718","Axiom"
"151447482","280289960","862512","17612","OraCare Health Rinse (Case of 8)","0.00","3","0.00","4/22/2026","BigCommerce - Oracare","FedEx","FedEx","Ground","380722768049","Axiom"
"153703736","284377695","862890","17612","OraCare Health Rinse (Case of 8)","254.00","1","254.00","5/7/2026","BigCommerce - Oracare","FedEx","FedEx","Ground","381134256365","Axiom"
"153703732","284377694","862889","17612","OraCare Health Rinse (Case of 8)","254.00","5","1270.00","5/7/2026","BigCommerce - Oracare","FedEx","FedEx","Ground","381134253182","Axiom"
"153703693","284361290","862887","17612","OraCare Health Rinse (Case of 8)","254.00","1","254.00","5/7/2026","BigCommerce - Oracare","FedEx","FedEx","Ground","381134252771","Axiom"
"153703655","284199249","862883","17612","FREE CASE- OraCare Health Rinse","0.00","1","0.00","5/7/2026","BigCommerce - Oracare","FedEx","FedEx","Ground","381134246445","Axiom"
"153703626","284198975","862881","17612","FREE CASE- OraCare Health Rinse","0.00","1","0.00","5/7/2026","BigCommerce - Oracare","FedEx","FedEx","Ground","381134247496","Axiom"
"151447387","280227528","862508","17612","OraCare Health Rinse (Case of 8)","254.00","2","508.00","4/22/2026","BigCommerce - Oracare","FedEx","FedEx","Ground","380722750345","Axiom"
"151447467","280227527","862510","17612","OraCare Health Rinse (Case of 8)","254.00","12","3048.00","4/22/2026","BigCommerce - Oracare","FedEx","FedEx","Ground","380722758600","Axiom"
"151447426","280227526","862510","17612","OraCare Health Rinse (Case of 8)","0.00","3","0.00","4/22/2026","BigCommerce - Oracare","FedEx","FedEx","Ground","380722757247","Axiom"
"151447396","280209905","862504","17612","OraCare Health Rinse (Case of 8)","0.00","2","0.00","4/22/2026","BigCommerce - Oracare","FedEx","FedEx","Ground","380722753414","Axiom"
"153703444","284198877","862880","17612","OraCare Health Rinse (Case of 8)","254.00","2","508.00","5/7/2026","BigCommerce - Oracare","FedEx","FedEx","Ground","381134233044","Axiom"
"153703400","284198873","862879","17612","OraCare Health Rinse (Case of 8)","254.00","1","254.00","5/7/2026","BigCommerce - Oracare","FedEx","FedEx","Ground Hm","381134232070","Axiom"
"153703384","284179759","862856","17612","FREE CASE- OraCare Health Rinse","0.00","1","0.00","5/7/2026","BigCommerce - Oracare","FedEx","FedEx","Ground","381134231924","Axiom"
"153703360","284179237","862856","17612","FREE CASE- OraCare Health Rinse","0.00","1","0.00","5/7/2026","BigCommerce - Oracare","FedEx","FedEx","Ground","381134231475","Axiom"
"153703770","284172608","862876","17612","FREE CASE- OraCare Health Rinse","0.00","1","0.00","5/7/2026","BigCommerce - Oracare","FedEx","FedEx","Ground","381134260059","Axiom"
"153870904","284083398","862856","17612","OraCare Health Rinse (Case of 8)","254.00","5","1270.00","5/8/2026","BigCommerce - Oracare","FedEx","FedEx","Ground","381165131221","Axiom"
"151447385","280209902","862507","17612","OraCare Health Rinse (Case of 8)","254.00","1","254.00","4/22/2026","BigCommerce - Oracare","FedEx","FedEx","Ground","380722750551","Axiom"
"153703760","284171786","862876","17612","OraCare Health Rinse (Case of 8)","254.00","6","1524.00","5/7/2026","BigCommerce - Oracare","FedEx","FedEx","Ground","381134256148","Axiom"
"153703727","284171783","862877","17612","OraCare Health Rinse (Case of 8)","254.00","2","508.00","5/7/2026","BigCommerce - Oracare","FedEx","FedEx","Ground","381134254215","Axiom"
"153703713","284171781","862878","17612","OraCare Health Rinse (Case of 8)","254.00","5","1270.00","5/7/2026","BigCommerce - Oracare","FedEx","FedEx","Ground","381134249308","Axiom"
"151447431","280158344","862496","17612","OraCare Health Rinse (Case of 8)","254.00","5","1270.00","4/22/2026","BigCommerce - Oracare","FedEx","FedEx","Ground","380722756387","Axiom"
"153703628","284151345","862872","17612","FREE CASE- OraCare Health Rinse","0.00","1","0.00","5/7/2026","BigCommerce - Oracare","FedEx","FedEx","Ground","381134248058","Axiom"
"151277489","280126653","862491","17612","OraCare Health Rinse (Case of 8)","254.00","1","254.00","4/21/2026","BigCommerce - Oracare","FedEx","FedEx","Ground","380691682003","Axiom"
"151277483","280126650","862493","17612","OraCare Health Rinse (Case of 8)","254.00","1","254.00","4/21/2026","BigCommerce - Oracare","FedEx","FedEx","Ground","380691683385","Axiom"
"151277475","280126646","862492","17612","OraCare Health Rinse (Case of 8)","254.00","1","254.00","4/21/2026","BigCommerce - Oracare","FedEx","FedEx","Ground","380691683477","Axiom"
"151277468","280126641","862489","17612","OraCare Health Rinse (Case of 8)","254.00","5","1270.00","4/21/2026","BigCommerce - Oracare","FedEx","FedEx","Ground","380691678618","Axiom"
"153557877","284141795","862852","17612","Case(s) of OraCare™ Oral Health Rinse","0.00","40","0.00","5/6/2026","XCart - Oracare","FedEx","FedEx","Ground","381108278914","Axiom"
"151277399","280126636","862489","17612","OraCare Health Rinse (Case of 8)","0.00","1","0.00","4/21/2026","BigCommerce - Oracare","FedEx","FedEx","Ground","380691675538","Axiom"
"151277535","280109747","862481","17612","FREE CASE- OraCare Health Rinse","0.00","2","0.00","4/21/2026","BigCommerce - Oracare","FedEx","FedEx","Ground","380691687347","Axiom"
"151277423","280077236","862483","17612","OraCare Health Rinse (Case of 8)","254.00","1","254.00","4/21/2026","BigCommerce - Oracare","FedEx","FedEx","Ground","380691676590","Axiom"
"151277652","280076422","862482","17612","OraCare Health Rinse (Case of 8)","254.00","12","3048.00","4/21/2026","BigCommerce - Oracare","FedEx","FedEx","Ground","380691694875","Axiom"
"151277579","280076176","862482","17612","OraCare Health Rinse (Case of 8)","0.00","3","0.00","4/21/2026","BigCommerce - Oracare","FedEx","FedEx","Ground","380691693320","Axiom"
"151277442","280025621","862474","17612","OraCare Health Rinse (Case of 8)","254.00","1","254.00","4/21/2026","BigCommerce - Oracare","FedEx","FedEx","Ground","380691679224","Axiom"
"151277514","279973639","862473","17612","OraCare Health Rinse (Case of 8)","254.00","1","254.00","4/21/2026","BigCommerce - Oracare","FedEx","FedEx","2day","380691685594","Axiom"
"151277422","279943094","862472","17612","OraCare Health Rinse (Case of 8)","254.00","4","1016.00","4/21/2026","BigCommerce - Oracare","FedEx","FedEx","Ground","380691675398","Axiom"
"151277537","279943093","862471","17612","OraCare Health Rinse (Case of 8)","228.60","4","914.40","4/21/2026","BigCommerce - Oracare","FedEx","FedEx","Ground","380691686557","Axiom"
"151277497","279943092","862469","17612","OraCare Health Rinse (Case of 8)","254.00","1","254.00","4/21/2026","BigCommerce - Oracare","FedEx","FedEx","Ground","380691686009","Axiom"
"151277486","279943090","862470","17612","OraCare Health Rinse (Case of 8)","228.60","5","1143.00","4/21/2026","BigCommerce - Oracare","FedEx","FedEx","Ground","380691675240","Axiom"
"151277443","279943089","862470","17612","OraCare Health Rinse (Case of 8)","0.00","1","0.00","4/21/2026","BigCommerce - Oracare","FedEx","FedEx","Ground","380691678066","Axiom"
"151277415","279885308","862466","17612","OraCare Health Rinse (Case of 8)","254.00","1","254.00","4/21/2026","BigCommerce - Oracare","FedEx","FedEx","Ground","380691677059","Axiom"
"153703385","284084086","862856","17612","FREE CASE- OraCare Health Rinse","0.00","1","0.00","5/7/2026","BigCommerce - Oracare","FedEx","FedEx","Ground","381134231707","Axiom"
"153703361","284083400","862855","17612","OraCare Health Rinse (Case of 8)","254.00","1","254.00","5/7/2026","BigCommerce - Oracare","FedEx","FedEx","Ground","381134231306","Axiom"
"153703350","284068707","862854","17612","FREE CASE- OraCare Health Rinse","0.00","1","0.00","5/7/2026","BigCommerce - Oracare","FedEx","FedEx","Ground","381134229604","Axiom"
"153703795","284068694","862854","17612","OraCare Health Rinse (Case of 8)","228.60","5","1143.00","5/7/2026","BigCommerce - Oracare","FedEx","FedEx","Ground","381134260541","Axiom"
"153703767","284018140","862834","17612","FREE CASE- OraCare Health Rinse","0.00","1","0.00","5/7/2026","BigCommerce - Oracare","FedEx","FedEx","Ground","381134261191","Axiom"
"151277400","279885036","862465","17612","OraCare Health Rinse (Case of 8)","228.60","1","228.60","4/21/2026","BigCommerce - Oracare","FedEx","FedEx","Ground","380691676258","Axiom"
"153703756","283965744","862853","17612","OraCare Health Rinse (Case of 8)","254.00","5","1270.00","5/7/2026","BigCommerce - Oracare","FedEx","FedEx","Ground","381134256376","Axiom"
"151277387","279884738","862463","17612","OraCare Health Rinse (Case of 8)","254.00","1","254.00","4/21/2026","BigCommerce - Oracare","FedEx","FedEx","Ground","380691673498","Axiom"
"153703733","283948863","862851","17612","FREE CASE- OraCare Health Rinse","190.50","1","190.50","5/7/2026","BigCommerce - Oracare","FedEx","FedEx","Ground","381134255943","Axiom"
"153703723","283944875","862846","17612","OraCare Health Rinse (Case of 8)","254.00","3","762.00","5/7/2026","BigCommerce - Oracare","FedEx","FedEx","Ground","381134254318","Axiom"
"153703708","283944870","862847","17612","OraCare Health Rinse (Case of 8)","254.00","1","254.00","5/7/2026","BigCommerce - Oracare","FedEx","FedEx","Ground","381134252635","Axiom"
"153703694","283944863","862848","17612","OraCare Health Rinse (Case of 8)","228.60","5","1143.00","5/7/2026","BigCommerce - Oracare","FedEx","FedEx","Ground","381134248128","Axiom"
"154547348","285703828","862993","17612","OraCare Health Rinse (Case of 8)","254.00","12","3048.00","5/13/2026","BigCommerce - Oracare","FedEx","FedEx","Ground","381285050825","Axiom"
"154547480","285703823","862994","17612","OraCare Health Rinse (Case of 8)","254.00","5","1270.00","5/13/2026","BigCommerce - Oracare","FedEx","FedEx","Ground","381285062781","Axiom"
"154547616","285684347","862992","17612","FREE CASE- OraCare Health Rinse","0.00","1","0.00","5/13/2026","BigCommerce - Oracare","FedEx","FedEx","Ground","381285083150","Axiom"
"151775451","280985164","862592","17612","FREE CASE- OraCare Health Rinse","0.00","1","0.00","4/24/2026","BigCommerce - Oracare","FedEx","FedEx","Ground","380785454690","Axiom"
"154547580","285684175","862987","17612","FREE CASE- OraCare Health Rinse","0.00","1","0.00","5/13/2026","BigCommerce - Oracare","FedEx","FedEx","Ground","381285075818","Axiom"
"151775443","280984892","862591","17612","FREE CASE- OraCare Health Rinse","0.00","2","0.00","4/24/2026","BigCommerce - Oracare","FedEx","FedEx","Ground","380785454060","Axiom"
"151775438","280984567","862594","17612","FREE CASE- OraCare Health Rinse","0.00","1","0.00","4/24/2026","BigCommerce - Oracare","FedEx","FedEx","Ground","380785452837","Axiom"
"151775428","280984003","862590","17612","FREE CASE- OraCare Health Rinse","0.00","1","0.00","4/24/2026","BigCommerce - Oracare","FedEx","FedEx","Ground","380785448536","Axiom"
"151775408","280982360","862586","17612","FREE CASE- OraCare Health Rinse","0.00","1","0.00","4/24/2026","BigCommerce - Oracare","FedEx","FedEx","Ground","380785445684","Axiom"
"154547440","285684121","862989","17612","OraCare Health Rinse (Case of 8)","254.00","1","254.00","5/13/2026","BigCommerce - Oracare","FedEx","FedEx","Ground","381285064247","Axiom"
"154547422","285684119","862987","17612","OraCare Health Rinse (Case of 8)","254.00","5","1270.00","5/13/2026","BigCommerce - Oracare","FedEx","FedEx","Ground","381285058756","Axiom"
"151775399","280979902","862581","17612","FREE CASE- OraCare Health Rinse","0.00","1","0.00","4/24/2026","BigCommerce - Oracare","FedEx","FedEx","Ground","380785441597","Axiom"
"154547321","285661900","862985","17612","FREE CASE- OraCare Health Rinse","0.00","1","0.00","5/13/2026","BigCommerce - Oracare","FedEx","FedEx","Ground","381285059329","Axiom"
"154547304","285661882","862985","17612","OraCare Health Rinse (Case of 8)","254.00","5","1270.00","5/13/2026","BigCommerce - Oracare","FedEx","FedEx","Ground","381285055930","Axiom"
"154547224","285661876","862986","17612","OraCare Health Rinse (Case of 8)","254.00","5","1270.00","5/13/2026","BigCommerce - Oracare","FedEx","FedEx","Ground","381285049876","Axiom"
"154375430","285637806","862983","17612","FREE CASE- OraCare Health Rinse","0.00","1","0.00","5/12/2026","BigCommerce - Oracare","FedEx","FedEx","Ground","381253864770","Axiom"
"154375422","285637763","862982","17612","FREE CASE- OraCare Health Rinse","0.00","1","0.00","5/12/2026","BigCommerce - Oracare","FedEx","FedEx","Ground","381253865560","Axiom"
"151775576","280979495","862580","17612","FREE CASE- OraCare Health Rinse","0.00","2","0.00","4/24/2026","BigCommerce - Oracare","FedEx","FedEx","Ground","380785467884","Axiom"
"151775549","280978188","862579","17612","FREE CASE- OraCare Health Rinse","0.00","1","0.00","4/24/2026","BigCommerce - Oracare","FedEx","FedEx","Ground","380785469317","Axiom"
"154375377","285637725","862982","17612","OraCare Health Rinse (Case of 8)","254.00","5","1270.00","5/12/2026","BigCommerce - Oracare","FedEx","FedEx","Ground","381253855591","Axiom"
"154375350","285615943","862979","17612","OraCare Health Rinse (Case of 8)","254.00","2","508.00","5/12/2026","BigCommerce - Oracare","FedEx","FedEx","Ground","381253849357","Axiom"
"154375336","285615941","862981","17612","OraCare Health Rinse (Case of 8)","254.00","1","254.00","5/12/2026","BigCommerce - Oracare","FedEx","FedEx","Ground","381253850291","Axiom"
"154375319","285592030","862976","17612","FREE CASE- OraCare Health Rinse","0.00","1","0.00","5/12/2026","BigCommerce - Oracare","FedEx","FedEx","Ground","381253846211","Axiom"
"154375484","285592015","862975","17612","FREE CASE- OraCare Health Rinse","0.00","3","0.00","5/12/2026","BigCommerce - Oracare","FedEx","FedEx","Ground","381253878088","Axiom"
"154375474","285591990","862974","17612","FREE CASE- OraCare Health Rinse","0.00","3","0.00","5/12/2026","BigCommerce - Oracare","FedEx","FedEx","Ground","381253874690","Axiom"
"151775537","280977312","862578","17612","FREE CASE- OraCare Health Rinse","0.00","1","0.00","4/24/2026","BigCommerce - Oracare","FedEx","FedEx","Ground","380785466145","Axiom"
"151775583","280974332","862576","17612","FREE CASE- OraCare Health Rinse","0.00","4","0.00","4/24/2026","BigCommerce - Oracare","FedEx","FedEx","Ground","380785469567","Axiom"
"151775432","280854000","862573","17612","OraCare Health Rinse (Case of 8)","254.00","1","254.00","4/24/2026","BigCommerce - Oracare","FedEx","FedEx","2day","380785451679","Axiom"
"154375334","285574318","862971","17612","OraCare Health Rinse (Case of 8)","254.00","1","254.00","5/12/2026","BigCommerce - Oracare","FedEx","FedEx","Ground","381253848935","Axiom"
"154375326","285570158","862965","17612","FREE CASE- OraCare Health Rinse","0.00","1","0.00","5/12/2026","BigCommerce - Oracare","FedEx","FedEx","Ground","381253847940","Axiom"
"154375618","285570146","862965","17612","OraCare Health Rinse (Case of 8)","254.00","5","1270.00","5/12/2026","BigCommerce - Oracare","FedEx","FedEx","Ground","381253900473","Axiom"
"154375555","285564646","862964","17612","OraCare Health Rinse (Case of 8)","254.00","7","1778.00","5/12/2026","BigCommerce - Oracare","FedEx","FedEx","Ground","381253894875","Axiom"
"151775497","280819584","862569","17612","OraCare Health Rinse (Case of 8)","254.00","1","254.00","4/24/2026","BigCommerce - Oracare","FedEx","FedEx","Ground","380785458217","Axiom"
"154375520","285503446","862963","17612","OraCare Health Rinse (Case of 8)","254.00","12","3048.00","5/12/2026","BigCommerce - Oracare","FedEx","FedEx","Ground","381253880880","Axiom"
"154375485","285454877","862962","17612","FREE CASE- OraCare Health Rinse","0.00","10","0.00","5/12/2026","BigCommerce - Oracare","FedEx","FedEx","Ground","381253873947","Axiom"
"154375456","285454864","862961","17612","OraCare Health Rinse (Case of 8)","228.60","1","228.60","5/12/2026","BigCommerce - Oracare","FedEx","FedEx","Ground","381253872024","Axiom"
"154375453","285454862","862962","17612","OraCare Health Rinse (Case of 8)","254.00","30","7620.00","5/12/2026","BigCommerce - Oracare","FedEx","FedEx","Ground","381253845145","Axiom"
"151775509","280819581","862571","17612","OraCare Health Rinse (Case of 8)","254.00","5","1270.00","4/24/2026","BigCommerce - Oracare","FedEx","FedEx","Ground","380785461213","Axiom"
"151775402","280819579","862571","17612","OraCare Health Rinse (Case of 8)","0.00","1","0.00","4/24/2026","BigCommerce - Oracare","FedEx","FedEx","Ground","380785444894","Axiom"
"151775484","280790376","862566","17612","FREE CASE- OraCare Health Rinse","0.00","1","0.00","4/24/2026","BigCommerce - Oracare","FedEx","FedEx","Ground","380785461030","Axiom"
"151775479","280790040","862564","17612","FREE CASE- OraCare Health Rinse","0.00","1","0.00","4/24/2026","BigCommerce - Oracare","FedEx","FedEx","Ground","380785458695","Axiom"
"154375376","285406129","862953","17612","FREE CASE- OraCare Health Rinse","0.00","2","0.00","5/12/2026","BigCommerce - Oracare","FedEx","FedEx","Ground","381253858178","Axiom"
"154375364","285406101","862952","17612","FREE CASE- OraCare Health Rinse","0.00","1","0.00","5/12/2026","BigCommerce - Oracare","FedEx","FedEx","Ground","381253855834","Axiom"
"154375359","285406088","862951","17612","FREE CASE- OraCare Health Rinse","0.00","1","0.00","5/12/2026","BigCommerce - Oracare","FedEx","FedEx","2day","381253855043","Axiom"
"154375358","285406082","862954","17612","OraCare Health Rinse (Case of 8)","254.00","2","508.00","5/12/2026","BigCommerce - Oracare","FedEx","FedEx","Ground","381253853305","Axiom"
"154375346","285406079","862953","17612","OraCare Health Rinse (Case of 8)","254.00","8","2032.00","5/12/2026","BigCommerce - Oracare","FedEx","FedEx","Ground","381253843451","Axiom"
"154375385","285406075","862952","17612","OraCare Health Rinse (Case of 8)","254.00","5","1270.00","5/12/2026","BigCommerce - Oracare","FedEx","FedEx","Ground","381253856131","Axiom"
"154375361","285406071","862951","17612","OraCare Health Rinse (Case of 8)","228.60","5","1143.00","5/12/2026","BigCommerce - Oracare","FedEx","FedEx","2day","381253852489","Axiom"
"151775619","280764731","862559","17612","OraCare Health Rinse (Case of 8)","254.00","1","254.00","4/24/2026","BigCommerce - Oracare","FedEx","FedEx","Ground","380785475140","Axiom"
"151775600","280764724","862558","17612","OraCare Health Rinse (Case of 8)","254.00","5","1270.00","4/24/2026","BigCommerce - Oracare","FedEx","FedEx","Ground","380785471236","Axiom"
"154375370","285370616","862947","17612","FREE CASE- OraCare Health Rinse","0.00","1","0.00","5/12/2026","BigCommerce - Oracare","FedEx","FedEx","Ground","381253857080","Axiom"
"154375360","285370598","862950","17612","OraCare Health Rinse (Case of 8)","254.00","2","508.00","5/12/2026","BigCommerce - Oracare","FedEx","FedEx","Ground","381253854426","Axiom"
"154375354","285370596","862949","17612","OraCare Health Rinse (Case of 8)","254.00","3","762.00","5/12/2026","BigCommerce - Oracare","FedEx","FedEx","Ground","381253850545","Axiom"
"154375341","285370593","862948","17612","OraCare Health Rinse (Case of 8)","254.00","1","254.00","5/12/2026","BigCommerce - Oracare","FedEx","FedEx","Ground","381253850144","Axiom"
"154375332","285370591","862947","17612","OraCare Health Rinse (Case of 8)","254.00","5","1270.00","5/12/2026","BigCommerce - Oracare","FedEx","FedEx","Ground","381253845616","Axiom"
"151775551","280764723","862558","17612","OraCare Health Rinse (Case of 8)","0.00","1","0.00","4/24/2026","BigCommerce - Oracare","FedEx","FedEx","Ground","380785466086","Axiom"
"151775546","280764722","862560","17612","OraCare Health Rinse (Case of 8)","254.00","2","508.00","4/24/2026","BigCommerce - Oracare","FedEx","FedEx","Ground","380785468891","Axiom"
"151775535","280764718","862561","17612","OraCare Health Rinse (Case of 8)","254.00","12","3048.00","4/24/2026","BigCommerce - Oracare","FedEx","FedEx","Ground","380785459280","Axiom"
"154163898","285333863","862945","17612","OraCare Health Rinse (Case of 8)","254.00","5","1270.00","5/11/2026","BigCommerce - Oracare","FedEx","FedEx","Ground","381217904210","Axiom"
"154163813","285333857","862946","17612","OraCare Health Rinse (Case of 8)","254.00","5","1270.00","5/11/2026","BigCommerce - Oracare","FedEx","FedEx","Ground","381217884394","Axiom"
"151775469","280764716","862561","17612","OraCare Health Rinse (Case of 8)","0.00","3","0.00","4/24/2026","BigCommerce - Oracare","FedEx","FedEx","Ground","380785457092","Axiom"
"151775452","280726852","862557","17612","OraCare Health Rinse (Case of 8)","254.00","1","254.00","4/24/2026","BigCommerce - Oracare","FedEx","FedEx","Ground","380785451451","Axiom"
"151775447","280726851","862556","17612","OraCare Health Rinse (Case of 8)","254.00","15","3810.00","4/24/2026","BigCommerce - Oracare","FedEx","FedEx","Ground","380785445320","Axiom"
"151614752","280699132","862553","17612","OraCare Health Rinse (Case of 8)","254.00","1","254.00","4/23/2026","BigCommerce - Oracare","FedEx","FedEx","Ground","380755289858","Axiom"
"151614783","280699121","862554","17612","OraCare Health Rinse (Case of 8)","254.00","2","508.00","4/23/2026","BigCommerce - Oracare","FedEx","FedEx","Ground","380755293243","Axiom"
"154163763","285301148","862941","17612","FREE CASE- OraCare Health Rinse","0.00","1","0.00","5/11/2026","BigCommerce - Oracare","FedEx","FedEx","Ground","381217883468","Axiom"
"154163769","285301123","862942","17612","OraCare Health Rinse (Case of 8)","254.00","1","254.00","5/11/2026","BigCommerce - Oracare","FedEx","FedEx","Ground","381217883310","Axiom"
"154163819","285301114","862940","17612","OraCare Health Rinse (Case of 8)","254.00","1","254.00","5/11/2026","BigCommerce - Oracare","FedEx","FedEx","Ground","381217890584","Axiom"
"154163850","285301112","862941","17612","OraCare Health Rinse (Case of 8)","254.00","5","1270.00","5/11/2026","BigCommerce - Oracare","FedEx","FedEx","Ground","381217893859","Axiom"
"154163829","284814532","862938","17612","OraCare Health Rinse (Case of 8)","254.00","1","254.00","5/11/2026","BigCommerce - Oracare","FedEx","FedEx","Ground","381217891308","Axiom"
"154163750","284785042","862930","17612","OraCare Health Rinse (Case of 8)","254.00","1","254.00","5/11/2026","BigCommerce - Oracare","FedEx","FedEx","2day","381217881086","Axiom"
"154163881","284767966","862929","17612","FREE CASE- OraCare Health Rinse","0.00","3","0.00","5/11/2026","BigCommerce - Oracare","FedEx","FedEx","Ground","381217902147","Axiom"
"154163868","284767957","862929","17612","OraCare Health Rinse (Case of 8)","254.00","12","3048.00","5/11/2026","BigCommerce - Oracare","FedEx","FedEx","Ground","381217890301","Axiom"
"154163811","284741154","862926","17612","FREE CASE- OraCare Health Rinse","0.00","1","0.00","5/11/2026","BigCommerce - Oracare","FedEx","FedEx","Ground","381217888025","Axiom"
"154163793","284741139","862926","17612","OraCare Health Rinse (Case of 8)","254.00","5","1270.00","5/11/2026","BigCommerce - Oracare","FedEx","FedEx","Ground","381217883343","Axiom"
"153870908","284717745","862925","17612","FREE CASE- OraCare Health Rinse","0.00","1","0.00","5/8/2026","BigCommerce - Oracare","FedEx","FedEx","Ground","381165135694","Axiom"
"153870902","284717698","862923","17612","OraCare Health Rinse (Case of 8)","254.00","1","254.00","5/8/2026","BigCommerce - Oracare","FedEx","FedEx","Ground","381165133886","Axiom"
"153870903","284717694","862924","17612","OraCare Health Rinse (Case of 8)","254.00","1","254.00","5/8/2026","BigCommerce - Oracare","FedEx","FedEx","Ground","381165134996","Axiom"
"153871005","284717690","862925","17612","OraCare Health Rinse (Case of 8)","0.00","5","0.00","5/8/2026","BigCommerce - Oracare","FedEx","FedEx","Ground","381165150694","Axiom"
"153870896","284694885","862922","17612","OraCare Health Rinse (Case of 8)","0.00","1","0.00","5/8/2026","BigCommerce - Oracare","FedEx","FedEx","Ground","381165132169","Axiom"
"151614834","280699116","862551","17612","OraCare Health Rinse (Case of 8)","254.00","2","508.00","4/23/2026","BigCommerce - Oracare","FedEx","FedEx","Ground","380755300065","Axiom"
"151614663","280674227","862549","17612","OraCare Health Rinse (Case of 8)","254.00","1","254.00","4/23/2026","BigCommerce - Oracare","FedEx","FedEx","Ground","380755276836","Axiom"
"152475183","282290612","862659","17612","FREE CASE- OraCare Health Rinse","0.00","1","0.00","4/29/2026","BigCommerce - Oracare","FedEx","FedEx","Ground","380913335920","Axiom"
"152475168","282273920","862675","17612","FREE CASE- OraCare Health Rinse","0.00","1","0.00","4/29/2026","BigCommerce - Oracare","FedEx","FedEx","Ground","380913334555","Axiom"
"152475221","282248193","862672","17612","OraCare Health Rinse (Case of 8)","254.00","2","508.00","4/29/2026","BigCommerce - Oracare","FedEx","FedEx","Ground","380913337705","Axiom"
"154853172","286361879","863107","17612","OraCare Health Rinse (Case of 8)","254.00","2","508.00","5/15/2026","BigCommerce - Oracare","FedEx","FedEx","Ground","381341676994","Axiom"
"154853167","286361875","863103","17612","OraCare Health Rinse (Case of 8)","254.00","1","254.00","5/15/2026","BigCommerce - Oracare","FedEx","FedEx","Ground","381341676056","Axiom"
"154853162","286361873","863102","17612","OraCare Health Rinse (Case of 8)","254.00","1","254.00","5/15/2026","BigCommerce - Oracare","FedEx","FedEx","Ground","381341675862","Axiom"
"154853151","286361868","863100","17612","OraCare Health Rinse (Case of 8)","254.00","5","1270.00","5/15/2026","BigCommerce - Oracare","FedEx","FedEx","Ground","381341671271","Axiom"
"154853132","286361865","863105","17612","OraCare Health Rinse (Case of 8)","254.00","2","508.00","5/15/2026","BigCommerce - Oracare","FedEx","FedEx","Ground","381341670518","Axiom"
"154853111","286361859","863097","17612","OraCare Health Rinse (Case of 8)","254.00","1","254.00","5/15/2026","BigCommerce - Oracare","FedEx","FedEx","Ground","381341668849","Axiom"
"154853105","286361855","863095","17612","OraCare Health Rinse (Case of 8)","254.00","4","1016.00","5/15/2026","BigCommerce - Oracare","FedEx","FedEx","Ground","381341666732","Axiom"
"154853086","286361851","863092","17612","OraCare Health Rinse (Case of 8)","254.00","3","762.00","5/15/2026","BigCommerce - Oracare","FedEx","FedEx","Ground","381341664214","Axiom"
"154853070","286361847","863091","17612","OraCare Health Rinse (Case of 8)","254.00","2","508.00","5/15/2026","BigCommerce - Oracare","FedEx","FedEx","Ground","381341663836","Axiom"
"152475199","282248191","862671","17612","OraCare Health Rinse (Case of 8)","254.00","1","254.00","4/29/2026","BigCommerce - Oracare","FedEx","FedEx","Ground","380913337820","Axiom"
"152475326","282229068","862665","17612","FREE CASE- OraCare Health Rinse","0.00","1","0.00","4/29/2026","BigCommerce - Oracare","FedEx","FedEx","Ground","380913354590","Axiom"
"152475175","282115122","862663","17612","OraCare Health Rinse (Case of 8)","254.00","3","762.00","4/29/2026","BigCommerce - Oracare","FedEx","FedEx","Ground","380913333331","Axiom"
"152475289","282092609","862662","17612","FREE CASE- OraCare Health Rinse","0.00","1","0.00","4/29/2026","BigCommerce - Oracare","FedEx","FedEx","Ground","380913348621","Axiom"
"152475254","282051251","862652","17612","FREE CASE- OraCare Health Rinse","0.00","1","0.00","4/29/2026","BigCommerce - Oracare","FedEx","FedEx","Ground","380913341720","Axiom"
"152475246","282051200","862656","17612","OraCare Health Rinse (Case of 8)","254.00","1","254.00","4/29/2026","BigCommerce - Oracare","FedEx","FedEx","Ground","380913341947","Axiom"
"152475237","282051198","862655","17612","OraCare Health Rinse (Case of 8)","254.00","2","508.00","4/29/2026","BigCommerce - Oracare","FedEx","FedEx","Ground","380913335264","Axiom"
"152475217","282051196","862653","17612","OraCare Health Rinse (Case of 8)","254.00","3","762.00","4/29/2026","BigCommerce - Oracare","FedEx","FedEx","Ground","380913336639","Axiom"
"152475269","282024748","862648","17612","FREE CASE- OraCare Health Rinse","0.00","1","0.00","4/29/2026","BigCommerce - Oracare","FedEx","FedEx","Ground","380913345405","Axiom"
"152475263","282024710","862649","17612","OraCare Health Rinse (Case of 8)","254.00","1","254.00","4/29/2026","BigCommerce - Oracare","FedEx","FedEx","Ground","380913345195","Axiom"
"154853074","286208040","863074","17612","FREE CASE- OraCare Health Rinse","0.00","1","0.00","5/15/2026","BigCommerce - Oracare","FedEx","FedEx","Ground","381341662016","Axiom"
"154853067","286208025","863073","17612","OraCare Health Rinse (Case of 8)","254.00","1","254.00","5/15/2026","BigCommerce - Oracare","FedEx","FedEx","Ground","381341663170","Axiom"
"154853061","286208023","863072","17612","OraCare Health Rinse (Case of 8)","228.60","2","457.20","5/15/2026","BigCommerce - Oracare","FedEx","FedEx","Ground","381341661969","Axiom"
"154853219","286208022","863074","17612","OraCare Health Rinse (Case of 8)","254.00","5","1270.00","5/15/2026","BigCommerce - Oracare","FedEx","FedEx","Ground","381341688050","Axiom"
"154853215","286183991","863068","17612","FREE CASE- OraCare Health Rinse","0.00","3","0.00","5/15/2026","BigCommerce - Oracare","FedEx","FedEx","Ground","381341685955","Axiom"
"154853207","286183960","863067","17612","FREE CASE- OraCare Health Rinse","0.00","1","0.00","5/15/2026","BigCommerce - Oracare","FedEx","FedEx","Ground","381341686322","Axiom"
"154853205","286183907","863069","17612","OraCare Health Rinse (Case of 8)","254.00","1","254.00","5/15/2026","BigCommerce - Oracare","FedEx","FedEx","Ground","381341684856","Axiom"
"154853203","286183903","863066","17612","OraCare Health Rinse (Case of 8)","254.00","1","254.00","5/15/2026","BigCommerce - Oracare","FedEx","FedEx","Ground","381341684742","Axiom"
"154853200","286183899","863070","17612","OraCare Health Rinse (Case of 8)","254.00","1","254.00","5/15/2026","BigCommerce - Oracare","FedEx","FedEx","Ground","381341683920","Axiom"
"154853196","286183896","863068","17612","OraCare Health Rinse (Case of 8)","254.00","12","3048.00","5/15/2026","BigCommerce - Oracare","FedEx","FedEx","Ground","381341672999","Axiom"
"154853145","286183890","863071","17612","OraCare Health Rinse (Case of 8)","254.00","2","508.00","5/15/2026","BigCommerce - Oracare","FedEx","FedEx","Ground","381341672820","Axiom"
"154853137","286183887","863065","17612","OraCare Health Rinse (Case of 8)","228.60","3","685.80","5/15/2026","BigCommerce - Oracare","FedEx","FedEx","Ground","381341670676","Axiom"
"154853115","286183883","863067","17612","OraCare Health Rinse (Case of 8)","228.60","5","1143.00","5/15/2026","BigCommerce - Oracare","FedEx","FedEx","Ground","381341667533","Axiom"
"154853089","286183880","863064","17612","OraCare Health Rinse (Case of 8)","254.00","2","508.00","5/15/2026","BigCommerce - Oracare","FedEx","FedEx","Ground","381341665600","Axiom"
"152293784","282003039","862643","17612","OraCare Health Rinse (Case of 8)","254.00","1","254.00","4/28/2026","BigCommerce - Oracare","FedEx","FedEx","Ground","380879973870","Axiom"
"152064146","281673997","862615","17612","FREE CASE- OraCare Health Rinse","0.00","1","0.00","4/27/2026","BigCommerce - Oracare","FedEx","FedEx","Ground","380840878490","Axiom"
"152064368","281673926","862616","17612","OraCare Health Rinse (Case of 8)","254.00","2","508.00","4/27/2026","BigCommerce - Oracare","FedEx","FedEx","Ground","380840901150","Axiom"
"154697606","286126405","863060","17612","OraCare Health Rinse (Case of 8)","254.00","1","254.00","5/14/2026","BigCommerce - Oracare","FedEx","FedEx","Ground Hm","381313222570","Axiom"
"154697596","286126403","863059","17612","OraCare Health Rinse (Case of 8)","254.00","5","1270.00","5/14/2026","BigCommerce - Oracare","FedEx","FedEx","Ground","381313222754","Axiom"
"154697570","286126400","863061","17612","OraCare Health Rinse (Case of 8)","0.00","1","0.00","5/14/2026","BigCommerce - Oracare","FedEx","FedEx","Ground","381313222000","Axiom"
"152064299","281673923","862614","17612","OraCare Health Rinse (Case of 8)","228.60","5","1143.00","4/27/2026","BigCommerce - Oracare","FedEx","FedEx","Ground","380840891431","Axiom"
"154697542","286100676","863056","17612","OraCare Health Rinse (Case of 8)","254.00","5","1270.00","5/14/2026","BigCommerce - Oracare","FedEx","FedEx","Ground","381313214171","Axiom"
"154697582","286078143","863054","17612","OraCare Health Rinse (Case of 8)","177.80","6","1066.80","5/14/2026","BigCommerce - Oracare","FedEx","FedEx","Ground","381313219909","Axiom"
"154697544","286078141","863053","17612","OraCare Health Rinse (Case of 8)","254.00","1","254.00","5/14/2026","BigCommerce - Oracare","FedEx","FedEx","Ground","381313218718","Axiom"
"154697523","286008454","863051","17612","OraCare Health Rinse (Case of 8)","254.00","1","254.00","5/14/2026","BigCommerce - Oracare","FedEx","FedEx","Ground Hm","381313214182","Axiom"
"152064253","281673920","862613","17612","OraCare Health Rinse (Case of 8)","254.00","5","1270.00","4/27/2026","BigCommerce - Oracare","FedEx","FedEx","Ground","380840886281","Axiom"
"152064196","281673915","862617","17612","OraCare Health Rinse (Case of 8)","254.00","5","1270.00","4/27/2026","BigCommerce - Oracare","FedEx","FedEx","Ground","380840877840","Axiom"
"152064341","281673911","862615","17612","OraCare Health Rinse (Case of 8)","254.00","5","1270.00","4/27/2026","BigCommerce - Oracare","FedEx","FedEx","Ground","380840896867","Axiom"
"152064152","281646802","862612","17612","OraCare Health Rinse (Case of 8)","254.00","1","254.00","4/27/2026","BigCommerce - Oracare","FedEx","FedEx","Ground","380840877909","Axiom"
"154697525","285955225","863042","17612","FREE CASE- OraCare Health Rinse","0.00","2","0.00","5/14/2026","BigCommerce - Oracare","FedEx","FedEx","Ground","381313215660","Axiom"
"152064150","281094645","862608","17612","OraCare Health Rinse (Case of 8)","254.00","1","254.00","4/27/2026","BigCommerce - Oracare","FedEx","FedEx","Ground","380840878272","Axiom"
"154697607","285955146","863040","17612","OraCare Health Rinse (Case of 8)","254.00","1","254.00","5/14/2026","BigCommerce - Oracare","FedEx","FedEx","Ground Hm","381313225308","Axiom"
"154697597","285955142","863042","17612","OraCare Health Rinse (Case of 8)","254.00","10","2540.00","5/14/2026","BigCommerce - Oracare","FedEx","FedEx","Ground","381313219380","Axiom"
"154697543","285937312","863037","17612","FREE CASE- OraCare Health Rinse","0.00","3","0.00","5/14/2026","BigCommerce - Oracare","FedEx","FedEx","Ground","381313214610","Axiom"
"152064131","281094640","862606","17612","OraCare Health Rinse (Case of 8)","254.00","2","508.00","4/27/2026","BigCommerce - Oracare","FedEx","FedEx","Ground","380840876475","Axiom"
"152064191","281094635","862607","17612","OraCare Health Rinse (Case of 8)","254.00","5","1270.00","4/27/2026","BigCommerce - Oracare","FedEx","FedEx","Ground","380840877942","Axiom"
"154697639","285937262","863036","17612","OraCare Health Rinse (Case of 8)","254.00","10","2540.00","5/14/2026","BigCommerce - Oracare","FedEx","FedEx","Ground","381313224687","Axiom"
"154697592","285937259","863035","17612","OraCare Health Rinse (Case of 8)","254.00","2","508.00","5/14/2026","BigCommerce - Oracare","FedEx","FedEx","Ground","381313223143","Axiom"
"154697581","285937257","863037","17612","OraCare Health Rinse (Case of 8)","254.00","12","3048.00","5/14/2026","BigCommerce - Oracare","FedEx","FedEx","Ground","381313215476","Axiom"
"152064134","281039727","862598","17612","FREE CASE- OraCare Health Rinse","0.00","1","0.00","4/27/2026","BigCommerce - Oracare","FedEx","FedEx","Ground","380840876247","Axiom"
"152064115","281039691","862600","17612","OraCare Health Rinse (Case of 8)","254.00","1","254.00","4/27/2026","BigCommerce - Oracare","FedEx","FedEx","Ground","380840875961","Axiom"
"152064239","281039688","862599","17612","OraCare Health Rinse (Case of 8)","254.00","1","254.00","4/27/2026","BigCommerce - Oracare","FedEx","FedEx","Ground","380840888814","Axiom"
"154697521","285891342","863029","17612","OraCare Health Rinse (Case of 8)","0.00","1","0.00","5/14/2026","BigCommerce - Oracare","FedEx","FedEx","Ground","381313215833","Axiom"
"154547582","285868905","863028","17612","FREE CASE- OraCare Health Rinse","0.00","3","0.00","5/13/2026","BigCommerce - Oracare","FedEx","FedEx","Ground","381285075211","Axiom"
"154547293","285868676","863026","17612","FREE CASE- OraCare Health Rinse","0.00","1","0.00","5/13/2026","BigCommerce - Oracare","FedEx","FedEx","Ground","381285058583","Axiom"
"154547232","285868634","863020","17612","OraCare Health Rinse (Case of 8)","254.00","1","254.00","5/13/2026","BigCommerce - Oracare","FedEx","FedEx","Ground","381285053916","Axiom"
"154547430","285868632","863027","17612","OraCare Health Rinse (Case of 8)","228.60","2","457.20","5/13/2026","BigCommerce - Oracare","FedEx","FedEx","Ground","381285063435","Axiom"
"154547573","285868630","863028","17612","OraCare Health Rinse (Case of 8)","254.00","12","3048.00","5/13/2026","BigCommerce - Oracare","FedEx","FedEx","Ground","381285065850","Axiom"
"154547255","285868626","863022","17612","OraCare Health Rinse (Case of 8)","254.00","1","254.00","5/13/2026","BigCommerce - Oracare","FedEx","FedEx","Ground","381285056385","Axiom"
"154547397","285868623","863026","17612","OraCare Health Rinse (Case of 8)","254.00","5","1270.00","5/13/2026","BigCommerce - Oracare","FedEx","FedEx","Ground","381285060002","Axiom"
"152064230","281039684","862601","17612","OraCare Health Rinse (Case of 8)","254.00","6","1524.00","4/27/2026","BigCommerce - Oracare","FedEx","FedEx","Ground","380840882003","Axiom"
"154547229","285847119","863017","17612","OraCare Health Rinse (Case of 8)","254.00","1","254.00","5/13/2026","BigCommerce - Oracare","FedEx","FedEx","Ground","381285052714","Axiom"
"152064169","281039668","862598","17612","OraCare Health Rinse (Case of 8)","254.00","5","1270.00","4/27/2026","BigCommerce - Oracare","FedEx","FedEx","Ground","380840874645","Axiom"
"154547205","285811700","863000","17612","FREE CASE- OraCare Health Rinse","0.00","1","0.00","5/13/2026","BigCommerce - Oracare","FedEx","FedEx","Ground","381285050115","Axiom"
"151775446","280985451","862593","17612","FREE CASE- OraCare Health Rinse","0.00","1","0.00","4/24/2026","BigCommerce - Oracare","FedEx","FedEx","Ground","380785451153","Axiom"
"154547628","285719421","862996","17612","OraCare Health Rinse (Case of 8)","254.00","1","254.00","5/13/2026","BigCommerce - Oracare","FedEx","FedEx","Ground","381285085440","Axiom"
"154547513","285719420","862995","17612","OraCare Health Rinse (Case of 8)","254.00","1","254.00","5/13/2026","BigCommerce - Oracare","FedEx","FedEx","Ground","381285068128","Axiom"
"154547625","285703884","862994","17612","FREE CASE- OraCare Health Rinse","0.00","1","0.00","5/13/2026","BigCommerce - Oracare","FedEx","FedEx","Ground","381285084742","Axiom"
"154547401","285703854","862993","17612","FREE CASE- OraCare Health Rinse","0.00","3","0.00","5/13/2026","BigCommerce - Oracare","FedEx","FedEx","Ground","381285061145","Axiom"
"155343954","287434602","863174","17612","OraCare Health Rinse (Case of 8)","254.00","5","1270.00","5/19/2026","BigCommerce - Oracare","FedEx","FedEx","Ground","381428124624","Axiom"
"155343922","287410108","863163","17612","OraCare Health Rinse (Case of 8)","254.00","1","254.00","5/19/2026","BigCommerce - Oracare","FedEx","FedEx","Ground","381428123536","Axiom"
"155343964","287410104","863164","17612","OraCare Health Rinse (Case of 8)","254.00","2","508.00","5/19/2026","BigCommerce - Oracare","FedEx","FedEx","Ground","381428127998","Axiom"
"155343930","287410095","863162","17612","OraCare Health Rinse (Case of 8)","254.00","1","254.00","5/19/2026","BigCommerce - Oracare","FedEx","FedEx","Ground","381428123786","Axiom"
"153126782","282894887","862747","17612","FREE CASE- OraCare Health Rinse","0.00","1","0.00","5/4/2026","BigCommerce - Oracare","FedEx","FedEx","Ground","381029736928","Axiom"
"152813113","282865991","862746","17612","OraCare Health Rinse (Case of 8)","254.00","1","254.00","5/1/2026","BigCommerce - Oracare","FedEx","FedEx","Ground Hm","380975473998","Axiom"
"152813090","282675510","862734","17612","OraCare Health Rinse (Case of 8)","254.00","1","254.00","5/1/2026","BigCommerce - Oracare","FedEx","FedEx","Ground","380975470988","Axiom"
"152813084","282675508","862733","17612","OraCare Health Rinse (Case of 8)","254.00","5","1270.00","5/1/2026","BigCommerce - Oracare","FedEx","FedEx","Ground","380975464916","Axiom"
"152813065","282640739","862732","17612","FREE CASE- OraCare Health Rinse","0.00","1","0.00","5/1/2026","BigCommerce - Oracare","FedEx","FedEx","Ground","380975466128","Axiom"
"152813110","282640719","862728","17612","FREE CASE- OraCare Health Rinse","0.00","1","0.00","5/1/2026","BigCommerce - Oracare","FedEx","FedEx","Ground","380975472800","Axiom"
"155343934","287243215","863150","17612","FREE CASE- OraCare Health Rinse","0.00","3","0.00","5/19/2026","BigCommerce - Oracare","FedEx","FedEx","Ground","381428123639","Axiom"
"152813075","282618697","862722","17612","OraCare Health Rinse (Case of 8)","254.00","1","254.00","5/1/2026","BigCommerce - Oracare","FedEx","FedEx","Ground","380975468050","Axiom"
"155343970","287189864","863147","17612","FREE CASE- OraCare Health Rinse","0.00","1","0.00","5/19/2026","BigCommerce - Oracare","FedEx","FedEx","Ground","381428130115","Axiom"
"155343965","287189859","863148","17612","OraCare Health Rinse (Case of 8)","254.00","2","508.00","5/19/2026","BigCommerce - Oracare","FedEx","FedEx","Ground","381428128300","Axiom"
"155343956","287189854","863147","17612","OraCare Health Rinse (Case of 8)","254.00","5","1270.00","5/19/2026","BigCommerce - Oracare","FedEx","FedEx","Ground","381428124635","Axiom"
"152813069","282618694","862721","17612","OraCare Health Rinse (Case of 8)","254.00","1","254.00","5/1/2026","BigCommerce - Oracare","FedEx","FedEx","Ground","380975466963","Axiom"
"152813124","282618689","862727","17612","OraCare Health Rinse (Case of 8)","254.00","5","1270.00","5/1/2026","BigCommerce - Oracare","FedEx","FedEx","Ground","380975474240","Axiom"
"152649261","282565131","862713","17612","FREE CASE- OraCare Health Rinse","0.00","1","0.00","4/30/2026","BigCommerce - Oracare","FedEx","FedEx","Ground","380945669347","Axiom"
"152649253","282565121","862711","17612","FREE CASE- OraCare Health Rinse","0.00","3","0.00","4/30/2026","BigCommerce - Oracare","FedEx","FedEx","Ground","380945667252","Axiom"
"152649215","282565095","862715","17612","OraCare Health Rinse (Case of 8)","254.00","1","254.00","4/30/2026","BigCommerce - Oracare","FedEx","FedEx","Ground","380945666006","Axiom"
"152649197","282565093","862714","17612","OraCare Health Rinse (Case of 8)","254.00","1","254.00","4/30/2026","BigCommerce - Oracare","FedEx","FedEx","Ground","380945665433","Axiom"
"155144177","287059221","863134","17612","OraCare Health Rinse (Case of 8)","228.60","12","2743.20","5/18/2026","BigCommerce - Oracare","FedEx","FedEx","Ground","381394412259","Axiom"
"152649151","282565081","862711","17612","OraCare Health Rinse (Case of 8)","228.60","12","2743.20","4/30/2026","BigCommerce - Oracare","FedEx","FedEx","Ground","380945649091","Axiom"
"155144022","287108581","863140","17612","FREE CASE- OraCare Health Rinse","0.00","1","0.00","5/18/2026","BigCommerce - Oracare","FedEx","FedEx","Ground","381394402203","Axiom"
"155144051","287108545","863139","17612","FREE CASE- OraCare Health Rinse","0.00","1","0.00","5/18/2026","BigCommerce - Oracare","FedEx","FedEx","Ground","381394403942","Axiom"
"155144033","287108525","863141","17612","OraCare Health Rinse (Case of 8)","254.00","1","254.00","5/18/2026","BigCommerce - Oracare","FedEx","FedEx","Ground","381394403129","Axiom"
"155144216","287108518","863140","17612","OraCare Health Rinse (Case of 8)","228.60","5","1143.00","5/18/2026","BigCommerce - Oracare","FedEx","FedEx","Ground","381394425097","Axiom"
"152649061","282565076","862713","17612","OraCare Health Rinse (Case of 8)","254.00","5","1270.00","4/30/2026","BigCommerce - Oracare","FedEx","FedEx","Ground","380945647905","Axiom"
"152649105","282512564","862706","17612","OraCare Health Rinse (Case of 8)","254.00","1","254.00","4/30/2026","BigCommerce - Oracare","FedEx","FedEx","Ground","380945656623","Axiom"
"152649092","282512557","862707","17612","OraCare Health Rinse (Case of 8)","254.00","5","1270.00","4/30/2026","BigCommerce - Oracare","FedEx","FedEx","Ground","380945652341","Axiom"
"155144036","287059282","863135","17612","FREE CASE- OraCare Health Rinse","0.00","1","0.00","5/18/2026","BigCommerce - Oracare","FedEx","FedEx","Ground","381394403861","Axiom"
"152649038","282512549","862705","17612","OraCare Health Rinse (Case of 8)","254.00","5","1270.00","4/30/2026","BigCommerce - Oracare","FedEx","FedEx","Ground","380945643840","Axiom"
"152649190","282493555","862702","17612","FREE CASE- OraCare Health Rinse","0.00","1","0.00","4/30/2026","BigCommerce - Oracare","FedEx","FedEx","Ground","380945664573","Axiom"
"155144067","287059227","863135","17612","OraCare Health Rinse (Case of 8)","228.60","5","1143.00","5/18/2026","BigCommerce - Oracare","FedEx","FedEx","Ground","381394403655","Axiom"
"152649174","282493532","862703","17612","OraCare Health Rinse (Case of 8)","254.00","1","254.00","4/30/2026","BigCommerce - Oracare","FedEx","FedEx","Ground","380945664724","Axiom"
"155144101","286841829","863130","17612","OraCare Health Rinse (Case of 8)","254.00","1","254.00","5/18/2026","BigCommerce - Oracare","FedEx","FedEx","Ground","381394411506","Axiom"
"155144094","286731161","863129","17612","OraCare Health Rinse (Case of 8)","254.00","1","254.00","5/18/2026","BigCommerce - Oracare","FedEx","FedEx","Ground","381394408896","Axiom"
"152649128","282480399","862701","17612","FREE CASE- OraCare Health Rinse","0.00","3","0.00","4/30/2026","BigCommerce - Oracare","FedEx","FedEx","Ground","380945657700","Axiom"
"155144075","286489422","863128","17612","OraCare Health Rinse (Case of 8)","228.60","5","1143.00","5/18/2026","BigCommerce - Oracare","FedEx","FedEx","Ground","381394403471","Axiom"
"155144087","286463495","863127","17612","FREE CASE- OraCare Health Rinse","0.00","1","0.00","5/18/2026","BigCommerce - Oracare","FedEx","FedEx","Ground","381394407672","Axiom"
"152648984","282389041","862700","17612","FREE CASE- OraCare Health Rinse","0.00","1","0.00","4/30/2026","BigCommerce - Oracare","FedEx","FedEx","Ground","380945647191","Axiom"
"155144069","286463148","863125","17612","OraCare Health Rinse (Case of 8)","254.00","1","254.00","5/18/2026","BigCommerce - Oracare","FedEx","FedEx","Ground","381394408164","Axiom"
"155144059","286463143","863126","17612","OraCare Health Rinse (Case of 8)","254.00","1","254.00","5/18/2026","BigCommerce - Oracare","FedEx","FedEx","Ground Hm","381394405842","Axiom"
"155144046","286463140","863127","17612","OraCare Health Rinse (Case of 8)","254.00","5","1270.00","5/18/2026","BigCommerce - Oracare","FedEx","FedEx","Ground","381394402122","Axiom"
"155144156","286463135","863123","17612","OraCare Health Rinse (Case of 8)","254.00","7","1778.00","5/18/2026","BigCommerce - Oracare","FedEx","FedEx","Ground Hm","381394415339","Axiom"
"155144105","286435573","863122","17612","FREE CASE- OraCare Health Rinse","0.00","1","0.00","5/18/2026","BigCommerce - Oracare","FedEx","FedEx","Ground","381394412204","Axiom"
"155144099","286435528","863121","17612","FREE CASE- OraCare Health Rinse","0.00","1","0.00","5/18/2026","BigCommerce - Oracare","FedEx","FedEx","Ground","381394413542","Axiom"
"155144092","286435201","863121","17612","OraCare Health Rinse (Case of 8)","254.00","5","1270.00","5/18/2026","BigCommerce - Oracare","FedEx","FedEx","Ground","381394408006","Axiom"
"155144054","286435189","863122","17612","OraCare Health Rinse (Case of 8)","254.00","5","1270.00","5/18/2026","BigCommerce - Oracare","FedEx","FedEx","Ground","381394402497","Axiom"
"152649149","282388902","862699","17612","FREE CASE- OraCare Health Rinse","0.00","1","0.00","4/30/2026","BigCommerce - Oracare","FedEx","FedEx","Ground","380945660578","Axiom"
"154853165","286401797","863119","17612","OraCare Health Rinse (Case of 8)","254.00","5","1270.00","5/15/2026","BigCommerce - Oracare","FedEx","FedEx","Ground","381341673447","Axiom"
"154853144","286378651","863118","17612","OraCare Health Rinse (Case of 8)","254.00","1","254.00","5/15/2026","BigCommerce - Oracare","FedEx","FedEx","Ground","381341672484","Axiom"
"154853141","286378648","863116","17612","OraCare Health Rinse (Case of 8)","254.00","2","508.00","5/15/2026","BigCommerce - Oracare","FedEx","FedEx","Ground","381341671959","Axiom"
"154853130","286371054","863115","17612","FREE CASE- OraCare Health Rinse","0.00","1","0.00","5/15/2026","BigCommerce - Oracare","FedEx","FedEx","Ground","381341671352","Axiom"
"152649131","282388819","862700","17612","OraCare Health Rinse (Case of 8)","254.00","5","1270.00","4/30/2026","BigCommerce - Oracare","FedEx","FedEx","Ground","380945657001","Axiom"
"152649104","282388816","862699","17612","OraCare Health Rinse (Case of 8)","254.00","5","1270.00","4/30/2026","BigCommerce - Oracare","FedEx","FedEx","Ground","380945652709","Axiom"
"152649064","282372508","862698","17612","OraCare Health Rinse (Case of 8)","254.00","4","1016.00","4/30/2026","BigCommerce - Oracare","FedEx","FedEx","Ground","380945647743","Axiom"
"154853098","286367564","863108","17612","FREE CASE- OraCare Health Rinse","0.00","1","0.00","5/15/2026","BigCommerce - Oracare","FedEx","FedEx","Ground","381341666147","Axiom"
"154853093","286366892","863105","17612","FREE CASE- OraCare Health Rinse","0.00","1","0.00","5/15/2026","BigCommerce - Oracare","FedEx","FedEx","Ground","381341666478","Axiom"
"154853087","286366238","863103","17612","FREE CASE- OraCare Health Rinse","0.00","1","0.00","5/15/2026","BigCommerce - Oracare","FedEx","FedEx","Ground","381341666515","Axiom"
"154853081","286366015","863102","17612","FREE CASE- OraCare Health Rinse","0.00","1","0.00","5/15/2026","BigCommerce - Oracare","FedEx","FedEx","Ground","381341665335","Axiom"
"152649006","282353109","862693","17612","FREE CASE- OraCare Health Rinse","0.00","1","0.00","4/30/2026","BigCommerce - Oracare","FedEx","FedEx","Ground","380945646060","Axiom"
"154853063","286364269","863095","17612","FREE CASE- OraCare Health Rinse","0.00","1","0.00","5/15/2026","BigCommerce - Oracare","FedEx","FedEx","Ground","381341663446","Axiom"
"154853135","286363820","863093","17612","FREE CASE- OraCare Health Rinse","0.00","1","0.00","5/15/2026","BigCommerce - Oracare","FedEx","FedEx","Ground","381341670275","Axiom"
"152649100","282353068","862693","17612","OraCare Health Rinse (Case of 8)","254.00","5","1270.00","4/30/2026","BigCommerce - Oracare","FedEx","FedEx","Ground","380945649518","Axiom"
"154853119","286363421","863091","17612","FREE CASE- OraCare Health Rinse","0.00","1","0.00","5/15/2026","BigCommerce - Oracare","FedEx","FedEx","Ground","381341666283","Axiom"
"154853112","286362868","863089","17612","FREE CASE- OraCare Health Rinse","0.00","1","0.00","5/15/2026","BigCommerce - Oracare","FedEx","FedEx","Ground","381341666364","Axiom"
"154853107","286362809","863088","17612","FREE CASE- OraCare Health Rinse","0.00","1","0.00","5/15/2026","BigCommerce - Oracare","FedEx","FedEx","Ground","381341668117","Axiom"
"154853100","286362804","863087","17612","FREE CASE- OraCare Health Rinse","0.00","1","0.00","5/15/2026","BigCommerce - Oracare","FedEx","FedEx","Ground","381341668069","Axiom"
"154853095","286362464","863086","17612","FREE CASE- OraCare Health Rinse","0.00","1","0.00","5/15/2026","BigCommerce - Oracare","FedEx","FedEx","Ground","381341665151","Axiom"
"152649056","282353066","862692","17612","OraCare Health Rinse (Case of 8)","228.60","3","685.80","4/30/2026","BigCommerce - Oracare","FedEx","FedEx","Ground","380945648740","Axiom"
"154853084","286362199","863084","17612","FREE CASE- OraCare Health Rinse","0.00","1","0.00","5/15/2026","BigCommerce - Oracare","FedEx","FedEx","Ground","381341662781","Axiom"
"154853076","286362034","863083","17612","FREE CASE- OraCare Health Rinse","0.00","1","0.00","5/15/2026","BigCommerce - Oracare","FedEx","FedEx","Ground","381341664832","Axiom"
"152475275","282294821","862678","17612","OraCare Health Rinse (Case of 8)","254.00","5","1270.00","4/29/2026","BigCommerce - Oracare","FedEx","FedEx","Ground","380913342417","Axiom"
"154853052","286361917","863113","17612","OraCare Health Rinse (Case of 8)","254.00","1","254.00","5/15/2026","BigCommerce - Oracare","FedEx","FedEx","Ground","381341663067","Axiom"
"154853199","286361915","863114","17612","OraCare Health Rinse (Case of 8)","254.00","4","1016.00","5/15/2026","BigCommerce - Oracare","FedEx","FedEx","Ground","381341681905","Axiom"
"154853184","286361912","863079","17612","OraCare Health Rinse (Case of 8)","254.00","3","762.00","5/15/2026","BigCommerce - Oracare","FedEx","FedEx","Ground","381341678872","Axiom"
"154853174","286361907","863115","17612","OraCare Health Rinse (Case of 8)","254.00","4","1016.00","5/15/2026","BigCommerce - Oracare","FedEx","FedEx","Ground","381341677144","Axiom"
"154853164","286361905","863093","17612","OraCare Health Rinse (Case of 8)","254.00","3","762.00","5/15/2026","BigCommerce - Oracare","FedEx","FedEx","Ground","381341675461","Axiom"
"154853155","286361901","863109","17612","OraCare Health Rinse (Case of 8)","254.00","2","508.00","5/15/2026","BigCommerce - Oracare","FedEx","FedEx","Ground Hm","381341672109","Axiom"
"154853140","286361896","863096","17612","OraCare Health Rinse (Case of 8)","254.00","1","254.00","5/15/2026","BigCommerce - Oracare","FedEx","FedEx","Ground","381341671308","Axiom"
"152475252","282294813","862680","17612","OraCare Health Rinse (Case of 8)","254.00","5","1270.00","4/29/2026","BigCommerce - Oracare","FedEx","FedEx","Ground","380913339649","Axiom"
"156227768","288402626","863248","17612","OraCare Health Rinse (Case of 8)","254.00","5","1270.00","5/26/2026","BigCommerce - Oracare","FedEx","FedEx","Ground","381583759908","Axiom"
"156227702","288371310","863247","17612","FREE CASE- OraCare Health Rinse","0.00","1","0.00","5/26/2026","BigCommerce - Oracare","FedEx","FedEx","Ground","381583758213","Axiom"
"156227690","288371268","863247","17612","OraCare Health Rinse (Case of 8)","254.00","5","1270.00","5/26/2026","BigCommerce - Oracare","FedEx","FedEx","Ground","381583752101","Axiom"
"153348526","283874258","862819","17612","FREE CASE- OraCare Health Rinse","0.00","1","0.00","5/5/2026","BigCommerce - Oracare","FedEx","FedEx","Ground","381068048698","Axiom"
"155849658","288336215","863246","17612","FREE CASE- OraCare Health Rinse","0.00","1","0.00","5/22/2026","BigCommerce - Oracare","FedEx","FedEx","Ground","381516228621","Axiom"
"153348505","283874220","862815","17612","FREE CASE- OraCare Health Rinse","0.00","1","0.00","5/5/2026","BigCommerce - Oracare","FedEx","FedEx","Ground","381068048459","Axiom"
"153348479","283874111","862811","17612","FREE CASE- OraCare Health Rinse","0.00","1","0.00","5/5/2026","BigCommerce - Oracare","FedEx","FedEx","Ground","381068047176","Axiom"
"153348436","283874045","862822","17612","OraCare Health Rinse (Case of 8)","254.00","1","254.00","5/5/2026","BigCommerce - Oracare","FedEx","FedEx","Ground","381068046000","Axiom"
"153348420","283874040","862823","17612","OraCare Health Rinse (Case of 8)","254.00","1","254.00","5/5/2026","BigCommerce - Oracare","FedEx","FedEx","Ground","381068045975","Axiom"
"155849603","288150252","863240","17612","OraCare Health Rinse (Case of 8)","254.00","12","3048.00","5/22/2026","BigCommerce - Oracare","FedEx","FedEx","Ground","381516210696","Axiom"
"155849557","288150247","863241","17612","OraCare Health Rinse (Case of 8)","254.00","1","254.00","5/22/2026","BigCommerce - Oracare","FedEx","FedEx","Ground Hm","381516208799","Axiom"
"155849610","288150245","863239","17612","OraCare Health Rinse (Case of 8)","254.00","12","3048.00","5/22/2026","BigCommerce - Oracare","FedEx","FedEx","2day","381516212390","Axiom"
"155849561","288119867","863238","17612","OraCare Health Rinse (Case of 8)","254.00","1","254.00","5/22/2026","BigCommerce - Oracare","FedEx","FedEx","2day","381516210468","Axiom"
"155849556","288119866","863236","17612","OraCare Health Rinse (Case of 8)","254.00","1","254.00","5/22/2026","BigCommerce - Oracare","FedEx","FedEx","Ground","381516209692","Axiom"
"153348400","283874034","862820","17612","OraCare Health Rinse (Case of 8)","254.00","4","1016.00","5/5/2026","BigCommerce - Oracare","FedEx","FedEx","Ground","381068041719","Axiom"
"153348240","283874010","862812","17612","OraCare Health Rinse (Case of 8)","254.00","2","508.00","5/5/2026","BigCommerce - Oracare","FedEx","FedEx","Ground","381068031188","Axiom"
"155849559","288084579","863235","17612","OraCare Health Rinse (Case of 8)","254.00","2","508.00","5/22/2026","BigCommerce - Oracare","FedEx","FedEx","Ground","381516209122","Axiom"
"155849604","288084577","863233","17612","OraCare Health Rinse (Case of 8)","254.00","1","254.00","5/22/2026","BigCommerce - Oracare","FedEx","FedEx","Ground","381516217131","Axiom"
"155849599","288084571","863232","17612","OraCare Health Rinse (Case of 8)","254.00","5","1270.00","5/22/2026","BigCommerce - Oracare","FedEx","FedEx","Ground","381516213993","Axiom"
"153348230","283874007","862818","17612","OraCare Health Rinse (Case of 8)","254.00","1","254.00","5/5/2026","BigCommerce - Oracare","FedEx","FedEx","Ground","381068030078","Axiom"
"155849586","288041395","863230","17612","OraCare Health Rinse (Case of 8)","254.00","1","254.00","5/22/2026","BigCommerce - Oracare","FedEx","FedEx","Ground","381516213103","Axiom"
"155849570","288041382","863228","17612","OraCare Health Rinse (Case of 8)","254.00","2","508.00","5/22/2026","BigCommerce - Oracare","FedEx","FedEx","Ground","381516211740","Axiom"
"155849558","288041376","863227","17612","OraCare Health Rinse (Case of 8)","254.00","2","508.00","5/22/2026","BigCommerce - Oracare","FedEx","FedEx","Ground","381516208593","Axiom"
"155686931","287999520","863225","17612","OraCare Health Rinse (Case of 8)","254.00","1","254.00","5/21/2026","BigCommerce - Oracare","FedEx","FedEx","Ground","381488552767","Axiom"
"155686953","287999514","863226","17612","OraCare Health Rinse (Case of 8)","254.00","2","508.00","5/21/2026","BigCommerce - Oracare","FedEx","FedEx","Ground Hm","381488553112","Axiom"
"153348217","283874001","862814","17612","OraCare Health Rinse (Case of 8)","254.00","1","254.00","5/5/2026","BigCommerce - Oracare","FedEx","FedEx","Ground","381068028240","Axiom"
"153348514","283873995","862815","17612","OraCare Health Rinse (Case of 8)","254.00","3","762.00","5/5/2026","BigCommerce - Oracare","FedEx","FedEx","Ground","381068047691","Axiom"
"153348451","283873992","862813","17612","OraCare Health Rinse (Case of 8)","254.00","3","762.00","5/5/2026","BigCommerce - Oracare","FedEx","FedEx","Ground","381068044990","Axiom"
"155686930","287970785","863219","17612","FREE CASE- OraCare Health Rinse","0.00","1","0.00","5/21/2026","BigCommerce - Oracare","FedEx","FedEx","Ground","381488549830","Axiom"
"153348399","283873988","862810","17612","OraCare Health Rinse (Case of 8)","254.00","5","1270.00","5/5/2026","BigCommerce - Oracare","FedEx","FedEx","Ground","381068041888","Axiom"
"153348253","283844051","862797","17612","FREE CASE- OraCare Health Rinse","0.00","1","0.00","5/5/2026","BigCommerce - Oracare","FedEx","FedEx","Ground","381068033217","Axiom"
"153348245","283843990","862796","17612","FREE CASE- OraCare Health Rinse","0.00","1","0.00","5/5/2026","BigCommerce - Oracare","FedEx","FedEx","Ground","381068032931","Axiom"
"153348318","283841099","862791","17612","OraCare Health Rinse (Case of 8)","254.00","1","254.00","5/5/2026","BigCommerce - Oracare","FedEx","FedEx","Ground","381068038940","Axiom"
"153348299","283841097","862790","17612","OraCare Health Rinse (Case of 8)","254.00","1","254.00","5/5/2026","BigCommerce - Oracare","FedEx","FedEx","Ground","381068037337","Axiom"
"155686986","287846589","863218","17612","FREE CASE- OraCare Health Rinse","0.00","3","0.00","5/21/2026","BigCommerce - Oracare","FedEx","FedEx","Ground","381488561750","Axiom"
"155686978","287846578","863218","17612","OraCare Health Rinse (Case of 8)","254.00","12","3048.00","5/21/2026","BigCommerce - Oracare","FedEx","FedEx","Ground","381488553400","Axiom"
"153348404","283681024","862780","17612","OraCare Health Rinse (Case of 8)","254.00","2","508.00","5/5/2026","BigCommerce - Oracare","FedEx","FedEx","Ground","381068043067","Axiom"
"153348354","283657083","862778","17612","OraCare Health Rinse (Case of 8)","254.00","2","508.00","5/5/2026","BigCommerce - Oracare","FedEx","FedEx","Ground","381068040528","Axiom"
"153348326","283657078","862777","17612","OraCare Health Rinse (Case of 8)","254.00","1","254.00","5/5/2026","BigCommerce - Oracare","FedEx","FedEx","Ground","381068039362","Axiom"
"153348317","283657074","862779","17612","OraCare Health Rinse (Case of 8)","254.00","5","1270.00","5/5/2026","BigCommerce - Oracare","FedEx","FedEx","Ground","381068035595","Axiom"
"153348267","283627345","862775","17612","OraCare Health Rinse (Case of 8)","254.00","1","254.00","5/5/2026","BigCommerce - Oracare","FedEx","FedEx","Ground","381068034500","Axiom"
"153348248","283627341","862771","17612","OraCare Health Rinse (Case of 8)","254.00","2","508.00","5/5/2026","BigCommerce - Oracare","FedEx","FedEx","Ground","381068032622","Axiom"
"155686984","287793697","863211","17612","OraCare Health Rinse (Case of 8)","177.80","18","3200.40","5/21/2026","BigCommerce - Oracare","FedEx","FedEx","Ground","381488548672","Axiom"
"155686913","287764285","863200","17612","FREE CASE- OraCare Health Rinse","0.00","1","0.00","5/21/2026","BigCommerce - Oracare","FedEx","FedEx","Ground","381488548960","Axiom"
"155686970","287764258","863199","17612","FREE CASE- OraCare Health Rinse","0.00","1","0.00","5/21/2026","BigCommerce - Oracare","FedEx","FedEx","Ground","381488556214","Axiom"
"155686968","287764223","863198","17612","FREE CASE- OraCare Health Rinse","0.00","3","0.00","5/21/2026","BigCommerce - Oracare","FedEx","FedEx","Ground","381488556409","Axiom"
"155686959","287764198","863205","17612","OraCare Health Rinse (Case of 8)","254.00","1","254.00","5/21/2026","BigCommerce - Oracare","FedEx","FedEx","Ground","381488554601","Axiom"
"155686954","287764192","863199","17612","OraCare Health Rinse (Case of 8)","254.00","5","1270.00","5/21/2026","BigCommerce - Oracare","FedEx","FedEx","Ground","381488551407","Axiom"
"155686926","287764183","863204","17612","OraCare Health Rinse (Case of 8)","254.00","3","762.00","5/21/2026","BigCommerce - Oracare","FedEx","FedEx","Ground","381488550330","Axiom"
"155687011","287764179","863201","17612","OraCare Health Rinse (Case of 8)","254.00","2","508.00","5/21/2026","BigCommerce - Oracare","FedEx","FedEx","Ground","381488563661","Axiom"
"155686999","287764176","863200","17612","OraCare Health Rinse (Case of 8)","254.00","5","1270.00","5/21/2026","BigCommerce - Oracare","FedEx","FedEx","Ground","381488560158","Axiom"
"155686973","287764167","863207","17612","OraCare Health Rinse (Case of 8)","254.00","3","762.00","5/21/2026","BigCommerce - Oracare","FedEx","FedEx","Ground","381488558353","Axiom"
"155686966","287764161","863198","17612","OraCare Health Rinse (Case of 8)","254.00","12","3048.00","5/21/2026","BigCommerce - Oracare","FedEx","FedEx","Ground","381488549278","Axiom"
"155538820","287734286","863197","17612","OraCare Health Rinse (Case of 8)","228.60","1","228.60","5/20/2026","BigCommerce - Oracare","FedEx","FedEx","Ground","381460998561","Axiom"
"155538813","287734285","863195","17612","OraCare Health Rinse (Case of 8)","254.00","1","254.00","5/20/2026","BigCommerce - Oracare","FedEx","FedEx","Ground","381460998300","Axiom"
"155538810","287734283","863196","17612","OraCare Health Rinse (Case of 8)","254.00","1","254.00","5/20/2026","BigCommerce - Oracare","FedEx","FedEx","Ground","381460995150","Axiom"
"153126983","283576312","862768","17612","OraCare Health Rinse (Case of 8)","228.60","12","2743.20","5/4/2026","BigCommerce - Oracare","FedEx","FedEx","Ground","381029756665","Axiom"
"155538780","287678208","863194","17612","FREE CASE- OraCare Health Rinse","0.00","1","0.00","5/20/2026","BigCommerce - Oracare","FedEx","FedEx","Ground","381460990652","Axiom"
"155538776","287678128","863192","17612","OraCare Health Rinse (Case of 8)","254.00","1","254.00","5/20/2026","BigCommerce - Oracare","FedEx","FedEx","Ground","381460989729","Axiom"
"155538763","287678125","863193","17612","OraCare Health Rinse (Case of 8)","254.00","1","254.00","5/20/2026","BigCommerce - Oracare","FedEx","FedEx","Ground","381460988880","Axiom"
"155538821","287678122","863194","17612","OraCare Health Rinse (Case of 8)","254.00","5","1270.00","5/20/2026","BigCommerce - Oracare","FedEx","FedEx","Ground","381460994235","Axiom"
"155538794","287550701","863190","17612","FREE CASE- OraCare Health Rinse","0.00","1","0.00","5/20/2026","BigCommerce - Oracare","FedEx","FedEx","Ground","381460993088","Axiom"
"155538790","287550658","863191","17612","OraCare Health Rinse (Case of 8)","254.00","1","254.00","5/20/2026","BigCommerce - Oracare","FedEx","FedEx","Ground","381460993478","Axiom"
"155538787","287550657","863190","17612","OraCare Health Rinse (Case of 8)","254.00","5","1270.00","5/20/2026","BigCommerce - Oracare","FedEx","FedEx","Ground","381460990067","Axiom"
"155538788","287495880","863185","17612","FREE CASE- OraCare Health Rinse","0.00","1","0.00","5/20/2026","BigCommerce - Oracare","FedEx","FedEx","Ground","381460990538","Axiom"
"153126708","283546351","862766","17612","FREE CASE- OraCare Health Rinse","0.00","1","0.00","5/4/2026","BigCommerce - Oracare","FedEx","FedEx","Ground","381029725747","Axiom"
"155538807","287495801","863183","17612","OraCare Health Rinse (Case of 8)","228.60","2","457.20","5/20/2026","BigCommerce - Oracare","FedEx","FedEx","Ground","381460994588","Axiom"
"153126746","283546322","862763","17612","FREE CASE- OraCare Health Rinse","0.00","1","0.00","5/4/2026","BigCommerce - Oracare","FedEx","FedEx","Ground","381029733230","Axiom"
"153126902","283546293","862767","17612","OraCare Health Rinse (Case of 8)","254.00","2","508.00","5/4/2026","BigCommerce - Oracare","FedEx","FedEx","Ground","381029756220","Axiom"
"153126759","283546290","862765","17612","OraCare Health Rinse (Case of 8)","254.00","1","254.00","5/4/2026","BigCommerce - Oracare","FedEx","FedEx","Ground Hm","381029735027","Axiom"
"153126857","283546284","862764","17612","OraCare Health Rinse (Case of 8)","254.00","3","762.00","5/4/2026","BigCommerce - Oracare","FedEx","FedEx","Ground Hm","381029747178","Axiom"
"153126887","283546277","862766","17612","OraCare Health Rinse (Case of 8)","228.60","5","1143.00","5/4/2026","BigCommerce - Oracare","FedEx","FedEx","Ground","381029749788","Axiom"
"155538769","287463925","863177","17612","FREE CASE- OraCare Health Rinse","0.00","1","0.00","5/20/2026","BigCommerce - Oracare","FedEx","FedEx","Ground","381460988940","Axiom"
"155538764","287463914","863176","17612","FREE CASE- OraCare Health Rinse","0.00","1","0.00","5/20/2026","BigCommerce - Oracare","FedEx","FedEx","Ground","381460989270","Axiom"
"153126731","283546270","862762","17612","OraCare Health Rinse (Case of 8)","254.00","1","254.00","5/4/2026","BigCommerce - Oracare","FedEx","FedEx","Ground","381029732175","Axiom"
"153126840","283546263","862763","17612","OraCare Health Rinse (Case of 8)","254.00","5","1270.00","5/4/2026","BigCommerce - Oracare","FedEx","FedEx","Ground","381029741916","Axiom"
"153126743","283515103","862759","17612","FREE CASE- OraCare Health Rinse","0.00","1","0.00","5/4/2026","BigCommerce - Oracare","FedEx","FedEx","Ground","381029732554","Axiom"
"155343992","287434659","863174","17612","FREE CASE- OraCare Health Rinse","0.00","1","0.00","5/19/2026","BigCommerce - Oracare","FedEx","FedEx","Ground","381428133169","Axiom"
"155343986","287434622","863170","17612","OraCare Health Rinse (Case of 8)","254.00","1","254.00","5/19/2026","BigCommerce - Oracare","FedEx","FedEx","Ground","381428132736","Axiom"
"155343971","287434617","863171","17612","OraCare Health Rinse (Case of 8)","254.00","1","254.00","5/19/2026","BigCommerce - Oracare","FedEx","FedEx","Ground","381428129729","Axiom"
"155343962","287434608","863166","17612","OraCare Health Rinse (Case of 8)","254.00","1","254.00","5/19/2026","BigCommerce - Oracare","FedEx","FedEx","Ground","381428127553","Axiom"
"153703941","284457736","862902","17612","OraCare Health Rinse (Case of 8)","254.00","2","508.00","5/7/2026","BigCommerce - Oracare","FedEx","FedEx","Ground","381134287272","Axiom"
"153703933","284457733","862896","17612","OraCare Health Rinse (Case of 8)","254.00","6","1524.00","5/7/2026","BigCommerce - Oracare","FedEx","FedEx","Ground","381134280495","Axiom"
"153703907","284457728","862897","17612","OraCare Health Rinse (Case of 8)","254.00","30","7620.00","5/7/2026","BigCommerce - Oracare","FedEx","FedEx","Ground","381134261798","Axiom"
"153703739","284457713","862899","17612","OraCare Health Rinse (Case of 8)","254.00","12","3048.00","5/7/2026","BigCommerce - Oracare","FedEx","FedEx","Ground","381134248367","Axiom"
"153703629","284457710","862898","17612","OraCare Health Rinse (Case of 8)","254.00","2","508.00","5/7/2026","BigCommerce - Oracare","FedEx","FedEx","Ground","381134247257","Axiom"
"153703537","284400541","862893","17612","FREE CASE- OraCare Health Rinse","0.00","1","0.00","5/7/2026","BigCommerce - Oracare","FedEx","FedEx","Ground","381134241855","Axiom"
"153703522","284400478","862891","17612","FREE CASE- OraCare Health Rinse","0.00","1","0.00","5/7/2026","BigCommerce - Oracare","FedEx","FedEx","Ground","381134240285","Axiom"
"153703510","284400429","862892","17612","OraCare Health Rinse (Case of 8)","254.00","1","254.00","5/7/2026","BigCommerce - Oracare","FedEx","FedEx","Ground","381134239693","Axiom"
"153703498","284400425","862894","17612","OraCare Health Rinse (Case of 8)","254.00","1","254.00","5/7/2026","BigCommerce - Oracare","FedEx","FedEx","Ground","381134238528","Axiom"
"153703487","284400420","862891","17612","OraCare Health Rinse (Case of 8)","254.00","5","1270.00","5/7/2026","BigCommerce - Oracare","FedEx","FedEx","Ground","381134234647","Axiom"
"153703749","284377708","862889","17612","FREE CASE- OraCare Health Rinse","0.00","1","0.00","5/7/2026","BigCommerce - Oracare","FedEx","FedEx","Ground","381134257306","Axiom"
"153703683","284238090","862885","17612","OraCare Health Rinse (Case of 8)","254.00","2","508.00","5/7/2026","BigCommerce - Oracare","FedEx","FedEx","Ground","381134248790","Axiom"
"153703642","284199018","862882","17612","FREE CASE- OraCare Health Rinse","0.00","1","0.00","5/7/2026","BigCommerce - Oracare","FedEx","FedEx","Ground","381134248264","Axiom"
"153703618","284198901","862884","17612","OraCare Health Rinse (Case of 8)","254.00","1","254.00","5/7/2026","BigCommerce - Oracare","FedEx","FedEx","Ground","381134246732","Axiom"
"153703600","284198896","862882","17612","OraCare Health Rinse (Case of 8)","254.00","5","1270.00","5/7/2026","BigCommerce - Oracare","FedEx","FedEx","Ground","381134242645","Axiom"
"153703548","284198889","862883","17612","OraCare Health Rinse (Case of 8)","254.00","4","1016.00","5/7/2026","BigCommerce - Oracare","FedEx","FedEx","Ground","381134239248","Axiom"
"153703501","284198883","862881","17612","OraCare Health Rinse (Case of 8)","254.00","5","1270.00","5/7/2026","BigCommerce - Oracare","FedEx","FedEx","Ground","381134235963","Axiom"
"153703348","284172655","862878","17612","FREE CASE- OraCare Health Rinse","0.00","1","0.00","5/7/2026","BigCommerce - Oracare","FedEx","FedEx","Ground","381134230056","Axiom"
"153703765","284171789","862875","17612","OraCare Health Rinse (Case of 8)","254.00","1","254.00","5/7/2026","BigCommerce - Oracare","FedEx","FedEx","Ground","381134260861","Axiom"
"153703645","284154108","862874","17612","FREE CASE- OraCare Health Rinse","0.00","1","0.00","5/7/2026","BigCommerce - Oracare","FedEx","FedEx","Ground","381134248194","Axiom"
"153703604","284149932","862870","17612","FREE CASE- OraCare Health Rinse","0.00","1","0.00","5/7/2026","BigCommerce - Oracare","FedEx","FedEx","Ground","381134246673","Axiom"
"153703590","284148342","862871","17612","OraCare Health Rinse (Case of 8)","254.00","1","254.00","5/7/2026","BigCommerce - Oracare","FedEx","FedEx","Ground","381134244935","Axiom"
"153703580","284148335","862870","17612","OraCare Health Rinse (Case of 8)","0.00","2","0.00","5/7/2026","BigCommerce - Oracare","FedEx","FedEx","Ground","381134243685","Axiom"
"153703558","284148331","862873","17612","OraCare Health Rinse (Case of 8)","254.00","1","254.00","5/7/2026","BigCommerce - Oracare","FedEx","FedEx","Ground","381134242597","Axiom"
"153703542","284148329","862872","17612","OraCare Health Rinse (Case of 8)","254.00","5","1270.00","5/7/2026","BigCommerce - Oracare","FedEx","FedEx","Ground","381134238127","Axiom"
"153703485","284148327","862874","17612","OraCare Health Rinse (Case of 8)","254.00","5","1270.00","5/7/2026","BigCommerce - Oracare","FedEx","FedEx","Ground","381134234279","Axiom"
"153703414","284148323","862869","17612","OraCare Health Rinse (Case of 8)","228.60","1","228.60","5/7/2026","BigCommerce - Oracare","FedEx","FedEx","Ground","381134232770","Axiom"
"153703394","284127086","862868","17612","FREE CASE- OraCare Health Rinse","0.00","3","0.00","5/7/2026","BigCommerce - Oracare","FedEx","FedEx","Ground","381134230803","Axiom"
"153703346","284123231","862864","17612","FREE CASE- OraCare Health Rinse","0.00","1","0.00","5/7/2026","BigCommerce - Oracare","FedEx","FedEx","Ground","381134229590","Axiom"
"153703844","284122683","862863","17612","FREE CASE- OraCare Health Rinse","0.00","1","0.00","5/7/2026","BigCommerce - Oracare","FedEx","FedEx","Ground","381134270314","Axiom"
"153703842","284122649","862861","17612","FREE CASE- OraCare Health Rinse","0.00","1","0.00","5/7/2026","BigCommerce - Oracare","FedEx","FedEx","Ground","381134268542","Axiom"
"153703828","284121945","862862","17612","OraCare Health Rinse (Case of 8)","228.60","2","457.20","5/7/2026","BigCommerce - Oracare","FedEx","FedEx","Ground","381134266583","Axiom"
"153703813","284121943","862867","17612","OraCare Health Rinse (Case of 8)","254.00","4","1016.00","5/7/2026","BigCommerce - Oracare","FedEx","FedEx","Ground","381134263757","Axiom"
"153703775","284121933","862868","17612","OraCare Health Rinse (Case of 8)","228.60","12","2743.20","5/7/2026","BigCommerce - Oracare","FedEx","FedEx","Ground","381134252819","Axiom"
"153703641","284121914","862864","17612","OraCare Health Rinse (Case of 8)","254.00","5","1270.00","5/7/2026","BigCommerce - Oracare","FedEx","FedEx","Ground","381134244166","Axiom"
"153703582","284121907","862863","17612","OraCare Health Rinse (Case of 8)","254.00","6","1524.00","5/7/2026","BigCommerce - Oracare","FedEx","FedEx","Ground","381134240300","Axiom"
"153703515","284095675","862859","17612","OraCare Health Rinse (Case of 8)","254.00","4","1016.00","5/7/2026","BigCommerce - Oracare","FedEx","FedEx","Ground","381134236271","Axiom"
"153703465","284095672","862857","17612","OraCare Health Rinse (Case of 8)","254.00","1","254.00","5/7/2026","BigCommerce - Oracare","FedEx","FedEx","Ground","381134235816","Axiom"
"153703452","284095671","862858","17612","OraCare Health Rinse (Case of 8)","254.00","4","1016.00","5/7/2026","BigCommerce - Oracare","FedEx","FedEx","Ground","381134232450","Axiom"
"153703764","283966219","862853","17612","FREE CASE- OraCare Health Rinse","0.00","1","0.00","5/7/2026","BigCommerce - Oracare","FedEx","FedEx","Ground","381134259824","Axiom"
"156227961","289239654","863263","17612","FREE CASE- OraCare Health Rinse","0.00","4","0.00","5/26/2026","BigCommerce - Oracare","FedEx","FedEx","Ground","381583786680","Axiom"
"156227946","289239646","863262","17612","FREE CASE- OraCare Health Rinse","0.00","1","0.00","5/26/2026","BigCommerce - Oracare","FedEx","FedEx","Ground","381583785342","Axiom"
"156227940","289239639","863261","17612","FREE CASE- OraCare Health Rinse","0.00","1","0.00","5/26/2026","BigCommerce - Oracare","FedEx","FedEx","Ground","381583784438","Axiom"
"156227929","289239624","863287","17612","OraCare Health Rinse (Case of 8)","254.00","1","254.00","5/26/2026","BigCommerce - Oracare","FedEx","FedEx","Ground","381583783534","Axiom"
"156227922","289239622","863279","17612","OraCare Health Rinse (Case of 8)","254.00","7","1778.00","5/26/2026","BigCommerce - Oracare","FedEx","FedEx","Ground","381583775878","Axiom"
"156227868","289239620","863277","17612","OraCare Health Rinse (Case of 8)","254.00","1","254.00","5/26/2026","BigCommerce - Oracare","FedEx","FedEx","Ground","381583774470","Axiom"
"156227859","289239616","863284","17612","OraCare Health Rinse (Case of 8)","254.00","4","1016.00","5/26/2026","BigCommerce - Oracare","FedEx","FedEx","Ground","381583769118","Axiom"
"156227811","289239610","863283","17612","OraCare Health Rinse (Case of 8)","254.00","3","762.00","5/26/2026","BigCommerce - Oracare","FedEx","FedEx","Ground","381583766130","Axiom"
"156227776","289239605","863273","17612","OraCare Health Rinse (Case of 8)","254.00","5","1270.00","5/26/2026","BigCommerce - Oracare","FedEx","FedEx","Ground","381583759930","Axiom"
"156227713","289239597","863274","17612","OraCare Health Rinse (Case of 8)","254.00","1","254.00","5/26/2026","BigCommerce - Oracare","FedEx","FedEx","Ground","381583759209","Axiom"
"156227693","289239593","863288","17612","OraCare Health Rinse (Case of 8)","254.00","1","254.00","5/26/2026","BigCommerce - Oracare","FedEx","FedEx","Ground","381583759069","Axiom"
"156227681","289239591","863285","17612","OraCare Health Rinse (Case of 8)","228.60","4","914.40","5/26/2026","BigCommerce - Oracare","FedEx","FedEx","Ground","381583753678","Axiom"
"156228053","289239584","863269","17612","OraCare Health Rinse (Case of 8)","254.00","5","1270.00","5/26/2026","BigCommerce - Oracare","FedEx","FedEx","Ground","381583798684","Axiom"
"156227997","289239579","863268","17612","OraCare Health Rinse (Case of 8)","254.00","2","508.00","5/26/2026","BigCommerce - Oracare","FedEx","FedEx","Ground","381583797037","Axiom"
"156227982","289239574","863267","17612","OraCare Health Rinse (Case of 8)","254.00","5","1270.00","5/26/2026","BigCommerce - Oracare","FedEx","FedEx","Ground","381583791381","Axiom"
"156227958","289239568","863263","17612","OraCare Health Rinse (Case of 8)","254.00","16","4064.00","5/26/2026","BigCommerce - Oracare","FedEx","FedEx","Ground","381583773577","Axiom"
"156227858","289239563","863282","17612","OraCare Health Rinse (Case of 8)","254.00","1","254.00","5/26/2026","BigCommerce - Oracare","FedEx","FedEx","Ground","381583770821","Axiom"
"156227849","289239559","863271","17612","OraCare Health Rinse (Case of 8)","254.00","1","254.00","5/26/2026","BigCommerce - Oracare","FedEx","FedEx","Ground","381583769313","Axiom"
"156227838","289239554","863281","17612","OraCare Health Rinse (Case of 8)","228.60","4","914.40","5/26/2026","BigCommerce - Oracare","FedEx","FedEx","Ground","381583766921","Axiom"
"156227785","289239550","863278","17612","OraCare Health Rinse (Case of 8)","254.00","1","254.00","5/26/2026","BigCommerce - Oracare","FedEx","FedEx","Ground","381583762488","Axiom"
"156227769","289239546","863280","17612","OraCare Health Rinse (Case of 8)","254.00","5","1270.00","5/26/2026","BigCommerce - Oracare","FedEx","FedEx","Ground","381583760566","Axiom"
"156227703","289239540","863272","17612","OraCare Health Rinse (Case of 8)","254.00","1","254.00","5/26/2026","BigCommerce - Oracare","FedEx","FedEx","Ground","381583758886","Axiom"
"156227691","289239533","863261","17612","OraCare Health Rinse (Case of 8)","254.00","4","1016.00","5/26/2026","BigCommerce - Oracare","FedEx","FedEx","Ground","381583754160","Axiom"
"156227651","289239529","863275","17612","OraCare Health Rinse (Case of 8)","228.60","1","228.60","5/26/2026","BigCommerce - Oracare","FedEx","FedEx","Ground","381583751892","Axiom"
"156227918","289239526","863276","17612","OraCare Health Rinse (Case of 8)","254.00","2","508.00","5/26/2026","BigCommerce - Oracare","FedEx","FedEx","Ground","381583779965","Axiom"
"156227911","289239524","863270","17612","OraCare Health Rinse (Case of 8)","254.00","2","508.00","5/26/2026","BigCommerce - Oracare","FedEx","FedEx","Ground","381583776348","Axiom"
"156227863","289239520","863266","17612","OraCare Health Rinse (Case of 8)","254.00","1","254.00","5/26/2026","BigCommerce - Oracare","FedEx","FedEx","Ground","381583773934","Axiom"
"156227847","289239518","863264","17612","OraCare Health Rinse (Case of 8)","254.00","4","1016.00","5/26/2026","BigCommerce - Oracare","FedEx","FedEx","Ground","381583765980","Axiom"
"156227782","289239510","863262","17612","OraCare Health Rinse (Case of 8)","254.00","2","508.00","5/26/2026","BigCommerce - Oracare","FedEx","FedEx","Ground","381583761643","Axiom"
"156227756","289239506","863265","17612","OraCare Health Rinse (Case of 8)","254.00","4","1016.00","5/26/2026","BigCommerce - Oracare","FedEx","FedEx","Ground","381583758143","Axiom"
"153556455","283952521","862848","17612","FREE CASE- OraCare Health Rinse","0.00","1","0.00","5/5/2026","BigCommerce - Oracare","FedEx","FedEx","2day","381108019964","Axiom"
"156258258","289034991","863257","17612","OraCare Health Rinse (Case of 8)","254.00","1","254.00","5/26/2026","BigCommerce - Oracare","FedEx","FedEx","Ground","381587843322","Axiom"
"153703592","283921390","862835","17612","FREE CASE- OraCare Health Rinse","0.00","1","0.00","5/7/2026","BigCommerce - Oracare","FedEx","FedEx","Ground","381134246066","Axiom"
"153703688","283898727","862833","17612","OraCare Health Rinse (Case of 8)","254.00","1","254.00","5/7/2026","BigCommerce - Oracare","FedEx","FedEx","Ground","381134250529","Axiom"
"156227885","288459864","863254","17612","OraCare Health Rinse (Case of 8)","254.00","1","254.00","5/26/2026","BigCommerce - Oracare","FedEx","FedEx","Ground","381583777079","Axiom"
"156227873","288459860","863253","17612","OraCare Health Rinse (Case of 8)","254.00","1","254.00","5/26/2026","BigCommerce - Oracare","FedEx","FedEx","Ground","381583775087","Axiom"
"156227855","288459853","863252","17612","OraCare Health Rinse (Case of 8)","254.00","1","254.00","5/26/2026","BigCommerce - Oracare","FedEx","FedEx","Ground","381583770409","Axiom"
"156227831","288436450","863251","17612","OraCare Health Rinse (Case of 8)","254.00","1","254.00","5/26/2026","BigCommerce - Oracare","FedEx","FedEx","Ground Hm","381583768902","Axiom"
"156227813","288436447","863250","17612","OraCare Health Rinse (Case of 8)","254.00","1","254.00","5/26/2026","BigCommerce - Oracare","FedEx","FedEx","Ground","381583768258","Axiom"
"153703676","283898722","862826","17612","OraCare Health Rinse (Case of 8)","254.00","1","254.00","5/7/2026","BigCommerce - Oracare","FedEx","FedEx","Ground","381134249640","Axiom"
"156227784","288402639","863248","17612","FREE CASE- OraCare Health Rinse","0.00","1","0.00","5/26/2026","BigCommerce - Oracare","FedEx","FedEx","Ground","381583765616","Axiom"
"155144041","287083416","863137","17612","OraCare Health Rinse (Case of 8)","254.00","1","254.00","5/18/2026","BigCommerce - Oracare","FedEx","FedEx","Ground","381394405500","Axiom"
"155144047","287083413","863138","17612","OraCare Health Rinse (Case of 8)","254.00","2","508.00","5/18/2026","BigCommerce - Oracare","FedEx","FedEx","Ground","381394401711","Axiom"
"155144233","287059244","863134","17612","FREE CASE- OraCare Health Rinse","0.00","3","0.00","5/18/2026","BigCommerce - Oracare","FedEx","FedEx","Ground","381394428166","Axiom"
"155144093","287059232","863136","17612","OraCare Health Rinse (Case of 8)","254.00","2","508.00","5/18/2026","BigCommerce - Oracare","FedEx","FedEx","Ground","381394410635","Axiom"
"155144023","286908076","863131","17612","OraCare Health Rinse (Case of 8)","254.00","1","254.00","5/18/2026","BigCommerce - Oracare","FedEx","FedEx","Ground Hm","381394401230","Axiom"
"155144089","286489770","863128","17612","FREE CASE- OraCare Health Rinse","0.00","1","0.00","5/18/2026","BigCommerce - Oracare","FedEx","FedEx","Ground","381394406860","Axiom"
"155144079","286463443","863123","17612","FREE CASE- OraCare Health Rinse","0.00","1","0.00","5/18/2026","BigCommerce - Oracare","FedEx","FedEx","Ground Hm","381394409930","Axiom"
"154853171","286401862","863119","17612","FREE CASE- OraCare Health Rinse","0.00","1","0.00","5/15/2026","BigCommerce - Oracare","FedEx","FedEx","Ground","381341676766","Axiom"
"154853121","286368936","863114","17612","FREE CASE- OraCare Health Rinse","0.00","1","0.00","5/15/2026","BigCommerce - Oracare","FedEx","FedEx","Ground","381341670070","Axiom"
"154853113","286368436","863109","17612","FREE CASE- OraCare Health Rinse","0.00","1","0.00","5/15/2026","BigCommerce - Oracare","FedEx","FedEx","Ground Hm","381341669330","Axiom"
"154853075","286365157","863100","17612","FREE CASE- OraCare Health Rinse","0.00","2","0.00","5/15/2026","BigCommerce - Oracare","FedEx","FedEx","Ground","381341663516","Axiom"
"154853129","286363512","863092","17612","FREE CASE- OraCare Health Rinse","0.00","1","0.00","5/15/2026","BigCommerce - Oracare","FedEx","FedEx","Ground","381341670780","Axiom"
"154853091","286362425","863085","17612","FREE CASE- OraCare Health Rinse","0.00","1","0.00","5/15/2026","BigCommerce - Oracare","FedEx","FedEx","Ground","381341665883","Axiom"
"154853069","286361948","863082","17612","FREE CASE- OraCare Health Rinse","0.00","1","0.00","5/15/2026","BigCommerce - Oracare","FedEx","FedEx","Ground","381341658572","Axiom"
"154853062","286361937","863079","17612","FREE CASE- OraCare Health Rinse","0.00","1","0.00","5/15/2026","BigCommerce - Oracare","FedEx","FedEx","Ground","381341663549","Axiom"
"154853124","286361891","863089","17612","OraCare Health Rinse (Case of 8)","254.00","4","1016.00","5/15/2026","BigCommerce - Oracare","FedEx","FedEx","Ground","381341668492","Axiom"
"154853101","286361889","863088","17612","OraCare Health Rinse (Case of 8)","254.00","6","1524.00","5/15/2026","BigCommerce - Oracare","FedEx","FedEx","Ground","381341664821","Axiom"
"154853068","286361886","863087","17612","OraCare Health Rinse (Case of 8)","254.00","2","508.00","5/15/2026","BigCommerce - Oracare","FedEx","FedEx","Ground","381341662461","Axiom"
"154853050","286361884","863106","17612","OraCare Health Rinse (Case of 8)","254.00","1","254.00","5/15/2026","BigCommerce - Oracare","FedEx","FedEx","Ground","381341661178","Axiom"
"154853194","286361883","863108","17612","OraCare Health Rinse (Case of 8)","254.00","4","1016.00","5/15/2026","BigCommerce - Oracare","FedEx","FedEx","Ground","381341678703","Axiom"
"154853053","286361843","863104","17612","OraCare Health Rinse (Case of 8)","254.00","1","254.00","5/15/2026","BigCommerce - Oracare","FedEx","FedEx","Ground","381341659557","Axiom"
"154853163","286361840","863099","17612","OraCare Health Rinse (Case of 8)","254.00","1","254.00","5/15/2026","BigCommerce - Oracare","FedEx","FedEx","Ground","381341676262","Axiom"
"154853159","286361838","863090","17612","OraCare Health Rinse (Case of 8)","254.00","1","254.00","5/15/2026","BigCommerce - Oracare","FedEx","FedEx","Ground","381341675575","Axiom"
"154853156","286361837","863086","17612","OraCare Health Rinse (Case of 8)","254.00","5","1270.00","5/15/2026","BigCommerce - Oracare","FedEx","FedEx","Ground","381341672429","Axiom"
"154853134","286361833","863081","17612","OraCare Health Rinse (Case of 8)","254.00","1","254.00","5/15/2026","BigCommerce - Oracare","FedEx","FedEx","Ground","381341671157","Axiom"
"154853127","286361830","863080","17612","OraCare Health Rinse (Case of 8)","254.00","1","254.00","5/15/2026","BigCommerce - Oracare","FedEx","FedEx","Ground","381341670209","Axiom"
"154853118","286361827","863085","17612","OraCare Health Rinse (Case of 8)","254.00","2","508.00","5/15/2026","BigCommerce - Oracare","FedEx","FedEx","Ground","381341669352","Axiom"
"154853108","286361823","863084","17612","OraCare Health Rinse (Case of 8)","254.00","4","1016.00","5/15/2026","BigCommerce - Oracare","FedEx","FedEx","Ground","381341664534","Axiom"
"154853085","286361817","863082","17612","OraCare Health Rinse (Case of 8)","254.00","1","254.00","5/15/2026","BigCommerce - Oracare","FedEx","FedEx","Ground","381341665520","Axiom"
"154853079","286361812","863083","17612","OraCare Health Rinse (Case of 8)","254.00","1","254.00","5/15/2026","BigCommerce - Oracare","FedEx","FedEx","Ground","381341664269","Axiom"
"152293777","281956588","862640","17612","OraCare Health Rinse (Case of 8)","254.00","1","254.00","4/28/2026","BigCommerce - Oracare","FedEx","FedEx","Ground","380879970881","Axiom"
"152293768","281933124","862636","17612","FREE CASE- OraCare Health Rinse","0.00","1","0.00","4/28/2026","BigCommerce - Oracare","FedEx","FedEx","Ground","380879970388","Axiom"
"152293828","281838157","862634","17612","OraCare Health Rinse (Case of 8)","254.00","2","508.00","4/28/2026","BigCommerce - Oracare","FedEx","FedEx","Ground","380879978713","Axiom"
"152293819","281808143","862632","17612","OraCare Health Rinse (Case of 8)","254.00","5","1270.00","4/28/2026","BigCommerce - Oracare","FedEx","FedEx","Ground Hm","380879972612","Axiom"
"152293820","281787821","862629","17612","FREE CASE- OraCare Health Rinse","0.00","1","0.00","4/28/2026","BigCommerce - Oracare","FedEx","FedEx","Ground","380879976033","Axiom"
"152293775","281763357","862628","17612","FREE CASE- OraCare Health Rinse","0.00","3","0.00","4/28/2026","BigCommerce - Oracare","FedEx","FedEx","Ground","380879970480","Axiom"
"152293759","281763336","862627","17612","FREE CASE- OraCare Health Rinse","0.00","3","0.00","4/28/2026","BigCommerce - Oracare","FedEx","FedEx","Ground","380879967782","Axiom"
"152293739","281733078","862625","17612","FREE CASE- OraCare Health Rinse","0.00","1","0.00","4/28/2026","BigCommerce - Oracare","FedEx","FedEx","Ground","380879967679","Axiom"
"152293810","281733033","862624","17612","OraCare Health Rinse (Case of 8)","254.00","3","762.00","4/28/2026","BigCommerce - Oracare","FedEx","FedEx","Ground","380879974692","Axiom"
"152293789","281733028","862623","17612","OraCare Health Rinse (Case of 8)","254.00","1","254.00","4/28/2026","BigCommerce - Oracare","FedEx","FedEx","Ground","380879972520","Axiom"
"152293781","281733023","862625","17612","OraCare Health Rinse (Case of 8)","254.00","5","1270.00","4/28/2026","BigCommerce - Oracare","FedEx","FedEx","Ground","380879969970","Axiom"
"152293769","281703184","862621","17612","OraCare Health Rinse (Case of 8)","254.00","1","254.00","4/28/2026","BigCommerce - Oracare","FedEx","FedEx","Ground","380879969010","Axiom"
"152064133","281674300","862617","17612","FREE CASE- OraCare Health Rinse","0.00","1","0.00","4/27/2026","BigCommerce - Oracare","FedEx","FedEx","Ground","380840877552","Axiom"
"154547198","285745858","862997","17612","OraCare Health Rinse (Case of 8)","254.00","1","254.00","5/13/2026","BigCommerce - Oracare","FedEx","FedEx","Ground","381285049203","Axiom"
"154547610","285684214","862990","17612","FREE CASE- OraCare Health Rinse","0.00","10","0.00","5/13/2026","BigCommerce - Oracare","FedEx","FedEx","Ground","381285076137","Axiom"
"154547575","285684143","862991","17612","OraCare Health Rinse (Case of 8)","254.00","1","254.00","5/13/2026","BigCommerce - Oracare","FedEx","FedEx","Ground","381285074340","Axiom"
"151775420","280984028","862594","17612","OraCare Health Rinse (Case of 8)","228.60","4","914.40","4/24/2026","BigCommerce - Oracare","FedEx","FedEx","Ground","380785447345","Axiom"
"154547570","285684140","862990","17612","OraCare Health Rinse (Case of 8)","254.00","30","7620.00","5/13/2026","BigCommerce - Oracare","FedEx","FedEx","Ground","381285050365","Axiom"
"154547528","285684132","862992","17612","OraCare Health Rinse (Case of 8)","254.00","5","1270.00","5/13/2026","BigCommerce - Oracare","FedEx","FedEx","Ground","381285067084","Axiom"
"154547456","285684123","862988","17612","OraCare Health Rinse (Case of 8)","254.00","1","254.00","5/13/2026","BigCommerce - Oracare","FedEx","FedEx","Ground","381285064590","Axiom"
"154547338","285661924","862986","17612","FREE CASE- OraCare Health Rinse","0.00","1","0.00","5/13/2026","BigCommerce - Oracare","FedEx","FedEx","Ground","381285060984","Axiom"
"154375414","285637740","862984","17612","OraCare Health Rinse (Case of 8)","254.00","2","508.00","5/12/2026","BigCommerce - Oracare","FedEx","FedEx","Ground","381253864633","Axiom"
"154375395","285637735","862983","17612","OraCare Health Rinse (Case of 8)","254.00","5","1270.00","5/12/2026","BigCommerce - Oracare","FedEx","FedEx","Ground","381253858260","Axiom"
"154375465","285591979","862976","17612","OraCare Health Rinse (Case of 8)","254.00","5","1270.00","5/12/2026","BigCommerce - Oracare","FedEx","FedEx","Ground","381253870146","Axiom"
"154375447","285591975","862974","17612","OraCare Health Rinse (Case of 8)","254.00","12","3048.00","5/12/2026","BigCommerce - Oracare","FedEx","FedEx","Ground","381253858465","Axiom"
"154375387","285591972","862975","17612","OraCare Health Rinse (Case of 8)","254.00","12","3048.00","5/12/2026","BigCommerce - Oracare","FedEx","FedEx","Ground","381253851200","Axiom"
"154375340","285591968","862973","17612","OraCare Health Rinse (Case of 8)","254.00","1","254.00","5/12/2026","BigCommerce - Oracare","FedEx","FedEx","Ground Hm","381253849519","Axiom"
"154375567","285564739","862964","17612","FREE CASE- OraCare Health Rinse","0.00","1","0.00","5/12/2026","BigCommerce - Oracare","FedEx","FedEx","Ground","381253898962","Axiom"
"154375531","285503577","862963","17612","FREE CASE- OraCare Health Rinse","0.00","3","0.00","5/12/2026","BigCommerce - Oracare","FedEx","FedEx","Ground","381253891464","Axiom"
"154375315","285433086","862959","17612","FREE CASE- OraCare Health Rinse","0.00","1","0.00","5/12/2026","BigCommerce - Oracare","FedEx","FedEx","Ground","381253845796","Axiom"
"154375416","285433054","862955","17612","OraCare Health Rinse (Case of 8)","254.00","1","254.00","5/12/2026","BigCommerce - Oracare","FedEx","FedEx","Ground","381253865993","Axiom"
"154375408","285433052","862960","17612","OraCare Health Rinse (Case of 8)","254.00","2","508.00","5/12/2026","BigCommerce - Oracare","FedEx","FedEx","Ground","381253864508","Axiom"
"154375393","285433049","862959","17612","OraCare Health Rinse (Case of 8)","254.00","5","1270.00","5/12/2026","BigCommerce - Oracare","FedEx","FedEx","Ground","381253859266","Axiom"
"154163914","285333966","862946","17612","FREE CASE- OraCare Health Rinse","0.00","1","0.00","5/11/2026","BigCommerce - Oracare","FedEx","FedEx","Ground","381217911211","Axiom"
"154163909","285333926","862945","17612","FREE CASE- OraCare Health Rinse","0.00","1","0.00","5/11/2026","BigCommerce - Oracare","FedEx","FedEx","Ground","381217909759","Axiom"
"154163770","285333897","862944","17612","FREE CASE- OraCare Health Rinse","0.00","1","0.00","5/11/2026","BigCommerce - Oracare","FedEx","FedEx","Ground","381217883961","Axiom"
"154163871","285333849","862944","17612","OraCare Health Rinse (Case of 8)","254.00","5","1270.00","5/11/2026","BigCommerce - Oracare","FedEx","FedEx","Ground","381217898541","Axiom"
"154163837","285070327","862939","17612","OraCare Health Rinse (Case of 8)","254.00","1","254.00","5/11/2026","BigCommerce - Oracare","FedEx","FedEx","Ground Hm","381217893263","Axiom"
"153870891","284675356","862919","17612","FREE CASE- OraCare Health Rinse","0.00","1","0.00","5/8/2026","BigCommerce - Oracare","FedEx","FedEx","Ground","381165129287","Axiom"
"153870897","284674978","862917","17612","OraCare Health Rinse (Case of 8)","254.00","1","254.00","5/8/2026","BigCommerce - Oracare","FedEx","FedEx","Ground","381165132813","Axiom"
"153870974","284542392","862916","17612","FREE CASE- OraCare Health Rinse","0.00","3","0.00","5/8/2026","BigCommerce - Oracare","FedEx","FedEx","Ground","381165148180","Axiom"
"153870926","284542355","862914","17612","FREE CASE- OraCare Health Rinse","0.00","1","0.00","5/8/2026","BigCommerce - Oracare","FedEx","FedEx","Ground","381165139461","Axiom"
"153870946","284503845","862907","17612","FREE CASE- OraCare Health Rinse","0.00","1","0.00","5/8/2026","BigCommerce - Oracare","FedEx","FedEx","Ground","381165145158","Axiom"
"153870930","284503744","862907","17612","OraCare Health Rinse (Case of 8)","254.00","5","1270.00","5/8/2026","BigCommerce - Oracare","FedEx","FedEx","Ground","381165137182","Axiom"
"153870905","284503740","862909","17612","OraCare Health Rinse (Case of 8)","254.00","5","1270.00","5/8/2026","BigCommerce - Oracare","FedEx","FedEx","Ground","381165131828","Axiom"
"153704008","284458321","862901","17612","FREE CASE- OraCare Health Rinse","0.00","1","0.00","5/7/2026","BigCommerce - Oracare","FedEx","FedEx","Ground","381134303592","Axiom"
"153704004","284458008","862899","17612","FREE CASE- OraCare Health Rinse","0.00","3","0.00","5/7/2026","BigCommerce - Oracare","FedEx","FedEx","Ground","381134301431","Axiom"
"153703992","284457814","862897","17612","FREE CASE- OraCare Health Rinse","0.00","1","0.00","5/7/2026","BigCommerce - Oracare","FedEx","FedEx","Ground","381134299026","Axiom"
"153703989","284457792","862897","17612","FREE CASE- OraCare Health Rinse","0.00","10","0.00","5/7/2026","BigCommerce - Oracare","FedEx","FedEx","Ground","381134293738","Axiom"
"153703963","284457764","862896","17612","FREE CASE- OraCare Health Rinse","0.00","1","0.00","5/7/2026","BigCommerce - Oracare","FedEx","FedEx","Ground","381134293668","Axiom"
"153703959","284457746","862903","17612","OraCare Health Rinse (Case of 8)","254.00","1","254.00","5/7/2026","BigCommerce - Oracare","FedEx","FedEx","Ground","381134293006","Axiom"
"153703953","284457742","862901","17612","OraCare Health Rinse (Case of 8)","254.00","5","1270.00","5/7/2026","BigCommerce - Oracare","FedEx","FedEx","Ground","381134288360","Axiom"
"156452568","289308124","863295","17612","OraCare Health Rinse (Case of 8)","254.00","1","254.00","5/27/2026","BigCommerce - Oracare","FedEx","FedEx","Ground","381619692910","Axiom"
"156452545","289308118","863292","17612","OraCare Health Rinse (Case of 8)","254.00","1","254.00","5/27/2026","BigCommerce - Oracare","FedEx","FedEx","Ground","381619690354","Axiom"
"156227933","289269841","863290","17612","FREE CASE- OraCare Health Rinse","0.00","3","0.00","5/26/2026","BigCommerce - Oracare","FedEx","FedEx","Ground","381583782045","Axiom"
"156227916","289269810","863291","17612","OraCare Health Rinse (Case of 8)","254.00","2","508.00","5/26/2026","BigCommerce - Oracare","FedEx","FedEx","Ground","381583779509","Axiom"
"156227904","289269807","863289","17612","OraCare Health Rinse (Case of 8)","254.00","2","508.00","5/26/2026","BigCommerce - Oracare","FedEx","FedEx","Ground","381583777480","Axiom"
"156227882","289269805","863290","17612","OraCare Health Rinse (Case of 8)","228.60","12","2743.20","5/26/2026","BigCommerce - Oracare","FedEx","FedEx","Ground","381583764263","Axiom"
"156227764","289246940","863288","17612","FREE CASE- OraCare Health Rinse","0.00","1","0.00","5/26/2026","BigCommerce - Oracare","FedEx","FedEx","Ground","381583763142","Axiom"
"156227747","289246703","863285","17612","FREE CASE- OraCare Health Rinse","0.00","1","0.00","5/26/2026","BigCommerce - Oracare","FedEx","FedEx","Ground","381583761850","Axiom"
"156227731","289246685","863287","17612","FREE CASE- OraCare Health Rinse","0.00","1","0.00","5/26/2026","BigCommerce - Oracare","FedEx","FedEx","Ground","381583760110","Axiom"
"156227719","289245134","863284","17612","FREE CASE- OraCare Health Rinse","0.00","1","0.00","5/26/2026","BigCommerce - Oracare","FedEx","FedEx","Ground","381583760062","Axiom"
"156227697","289244344","863283","17612","FREE CASE- OraCare Health Rinse","0.00","1","0.00","5/26/2026","BigCommerce - Oracare","FedEx","FedEx","Ground","381583758794","Axiom"
"156227683","289244157","863281","17612","FREE CASE- OraCare Health Rinse","0.00","1","0.00","5/26/2026","BigCommerce - Oracare","FedEx","FedEx","Ground","381583755431","Axiom"
"156227672","289242580","863280","17612","FREE CASE- OraCare Health Rinse","0.00","1","0.00","5/26/2026","BigCommerce - Oracare","FedEx","FedEx","Ground","381583754104","Axiom"
"156227665","289242459","863279","17612","FREE CASE- OraCare Health Rinse","0.00","2","0.00","5/26/2026","BigCommerce - Oracare","FedEx","FedEx","Ground","381583751469","Axiom"
"156227835","289242426","863276","17612","FREE CASE- OraCare Health Rinse","0.00","1","0.00","5/26/2026","BigCommerce - Oracare","FedEx","FedEx","Ground","381583768523","Axiom"
"156227818","289242274","863275","17612","FREE CASE- OraCare Health Rinse","0.00","1","0.00","5/26/2026","BigCommerce - Oracare","FedEx","FedEx","Ground","381583768979","Axiom"
"156227801","289241842","863274","17612","FREE CASE- OraCare Health Rinse","0.00","1","0.00","5/26/2026","BigCommerce - Oracare","FedEx","FedEx","Ground","381583765487","Axiom"
"156227791","289241822","863273","17612","FREE CASE- OraCare Health Rinse","0.00","2","0.00","5/26/2026","BigCommerce - Oracare","FedEx","FedEx","Ground","381583765796","Axiom"
"156227767","289241676","863272","17612","FREE CASE- OraCare Health Rinse","0.00","1","0.00","5/26/2026","BigCommerce - Oracare","FedEx","FedEx","Ground","381583764024","Axiom"
"156227751","289241652","863271","17612","FREE CASE- OraCare Health Rinse","0.00","1","0.00","5/26/2026","BigCommerce - Oracare","FedEx","FedEx","Ground","381583763110","Axiom"
"156227733","289241141","863270","17612","FREE CASE- OraCare Health Rinse","0.00","1","0.00","5/26/2026","BigCommerce - Oracare","FedEx","FedEx","Ground","381583761209","Axiom"
"156227726","289240682","863269","17612","FREE CASE- OraCare Health Rinse","0.00","2","0.00","5/26/2026","BigCommerce - Oracare","FedEx","FedEx","Ground","381583758290","Axiom"
"156227682","289240648","863267","17612","FREE CASE- OraCare Health Rinse","0.00","1","0.00","5/26/2026","BigCommerce - Oracare","FedEx","FedEx","Ground","381583756883","Axiom"
"156227673","289240307","863265","17612","FREE CASE- OraCare Health Rinse","0.00","1","0.00","5/26/2026","BigCommerce - Oracare","FedEx","FedEx","Ground","381583755626","Axiom"
"156227653","289239889","863264","17612","FREE CASE- OraCare Health Rinse","0.00","1","0.00","5/26/2026","BigCommerce - Oracare","FedEx","FedEx","Ground","381583753472","Axiom"
"154853059","286155824","863063","17612","OraCare Health Rinse (Case of 8)","254.00","1","254.00","5/15/2026","BigCommerce - Oracare","FedEx","FedEx","Ground","381341662932","Axiom"
"154697617","286126436","863059","17612","FREE CASE- OraCare Health Rinse","0.00","1","0.00","5/14/2026","BigCommerce - Oracare","FedEx","FedEx","Ground","381313227583","Axiom"
"154697562","286100695","863056","17612","FREE CASE- OraCare Health Rinse","0.00","1","0.00","5/14/2026","BigCommerce - Oracare","FedEx","FedEx","Ground","381313219736","Axiom"
"154697583","285996856","863050","17612","OraCare Health Rinse (Case of 8)","254.00","1","254.00","5/14/2026","BigCommerce - Oracare","FedEx","FedEx","Ground","381313223121","Axiom"
"154697574","285996853","863049","17612","OraCare Health Rinse (Case of 8)","254.00","2","508.00","5/14/2026","BigCommerce - Oracare","FedEx","FedEx","Ground Hm","381313221092","Axiom"
"154697556","285970399","863048","17612","FREE CASE- OraCare Health Rinse","0.00","1","0.00","5/14/2026","BigCommerce - Oracare","FedEx","FedEx","Ground","381313220589","Axiom"
"154697550","285970239","863048","17612","OraCare Health Rinse (Case of 8)","254.00","5","1270.00","5/14/2026","BigCommerce - Oracare","FedEx","FedEx","Ground","381313216895","Axiom"
"154697618","285955151","863047","17612","OraCare Health Rinse (Case of 8)","254.00","2","508.00","5/14/2026","BigCommerce - Oracare","FedEx","FedEx","Ground","381313225661","Axiom"
"154697524","285937284","863036","17612","FREE CASE- OraCare Health Rinse","0.00","2","0.00","5/14/2026","BigCommerce - Oracare","FedEx","FedEx","Ground","381313212098","Axiom"
"154697644","285937264","863039","17612","OraCare Health Rinse (Case of 8)","254.00","1","254.00","5/14/2026","BigCommerce - Oracare","FedEx","FedEx","Ground","381313232284","Axiom"
"154697578","285913985","863034","17612","OraCare Health Rinse (Case of 8)","254.00","2","508.00","5/14/2026","BigCommerce - Oracare","FedEx","FedEx","Ground","381313220957","Axiom"
"154697560","285913983","863031","17612","OraCare Health Rinse (Case of 8)","254.00","1","254.00","5/14/2026","BigCommerce - Oracare","FedEx","FedEx","Ground","381313220280","Axiom"
"154697554","285913981","863033","17612","OraCare Health Rinse (Case of 8)","254.00","3","762.00","5/14/2026","BigCommerce - Oracare","FedEx","FedEx","Ground","381313219184","Axiom"
"154697540","285913978","863032","17612","OraCare Health Rinse (Case of 8)","254.00","3","762.00","5/14/2026","BigCommerce - Oracare","FedEx","FedEx","Ground","381313212797","Axiom"
"156227652","288726115","863255","17612","OraCare Health Rinse (Case of 8)","254.00","1","254.00","5/26/2026","BigCommerce - Oracare","FedEx","FedEx","Ground Hm","381583751790","Axiom"
"156227795","288402648","863249","17612","FREE CASE- OraCare Health Rinse","0.00","1","0.00","5/26/2026","BigCommerce - Oracare","FedEx","FedEx","Ground","381583766564","Axiom"
"155849656","288336175","863246","17612","OraCare Health Rinse (Case of 8)","254.00","5","1270.00","5/22/2026","BigCommerce - Oracare","FedEx","FedEx","Ground","381516225909","Axiom"
"155849626","288150317","863240","17612","FREE CASE- OraCare Health Rinse","0.00","3","0.00","5/22/2026","BigCommerce - Oracare","FedEx","FedEx","Ground","381516221237","Axiom"
"155849608","288150273","863239","17612","FREE CASE- OraCare Health Rinse","0.00","3","0.00","5/22/2026","BigCommerce - Oracare","FedEx","FedEx","2day","381516218193","Axiom"
"155849572","288084647","863234","17612","FREE CASE- OraCare Health Rinse","0.00","1","0.00","5/22/2026","BigCommerce - Oracare","FedEx","FedEx","Ground","381516212736","Axiom"
"155849564","288084617","863232","17612","FREE CASE- OraCare Health Rinse","0.00","1","0.00","5/22/2026","BigCommerce - Oracare","FedEx","FedEx","Ground","381516211659","Axiom"
"155849589","288084561","863234","17612","OraCare Health Rinse (Case of 8)","254.00","5","1270.00","5/22/2026","BigCommerce - Oracare","FedEx","FedEx","Ground","381516211589","Axiom"
"155686914","287971139","863224","17612","FREE CASE- OraCare Health Rinse","0.00","1","0.00","5/21/2026","BigCommerce - Oracare","FedEx","FedEx","Ground","381488549040","Axiom"
"155686940","287970983","863222","17612","FREE CASE- OraCare Health Rinse","0.00","1","0.00","5/21/2026","BigCommerce - Oracare","FedEx","FedEx","Ground","381488553395","Axiom"
"155686936","287970959","863220","17612","FREE CASE- OraCare Health Rinse","0.00","1","0.00","5/21/2026","BigCommerce - Oracare","FedEx","FedEx","Ground","381488552837","Axiom"
"155686921","287970648","863223","17612","OraCare Health Rinse (Case of 8)","254.00","1","254.00","5/21/2026","BigCommerce - Oracare","FedEx","FedEx","Ground","381488550282","Axiom"
"155686938","287970647","863224","17612","OraCare Health Rinse (Case of 8)","254.00","2","508.00","5/21/2026","BigCommerce - Oracare","FedEx","FedEx","Ground","381488552399","Axiom"
"155687041","287970641","863222","17612","OraCare Health Rinse (Case of 8)","254.00","5","1270.00","5/21/2026","BigCommerce - Oracare","FedEx","FedEx","Ground","381488568814","Axiom"
"155687029","287970636","863220","17612","OraCare Health Rinse (Case of 8)","254.00","5","1270.00","5/21/2026","BigCommerce - Oracare","FedEx","FedEx","Ground","381488565859","Axiom"
"155687005","287970632","863219","17612","OraCare Health Rinse (Case of 8)","254.00","4","1016.00","5/21/2026","BigCommerce - Oracare","FedEx","FedEx","Ground","381488564392","Axiom"
"155687009","287793746","863212","17612","FREE CASE- OraCare Health Rinse","0.00","1","0.00","5/21/2026","BigCommerce - Oracare","FedEx","FedEx","Ground","381488565539","Axiom"
"155686937","287793713","863212","17612","OraCare Health Rinse (Case of 8)","254.00","5","1270.00","5/21/2026","BigCommerce - Oracare","FedEx","FedEx","Ground","381488550341","Axiom"
"155686922","287793705","863217","17612","OraCare Health Rinse (Case of 8)","254.00","1","254.00","5/21/2026","BigCommerce - Oracare","FedEx","FedEx","Ground","381488550948","Axiom"
"155686915","287793701","863216","17612","OraCare Health Rinse (Case of 8)","254.00","1","254.00","5/21/2026","BigCommerce - Oracare","FedEx","FedEx","Ground","381488550021","Axiom"
"155686996","287793699","863209","17612","OraCare Health Rinse (Case of 8)","254.00","3","762.00","5/21/2026","BigCommerce - Oracare","FedEx","FedEx","Ground","381488559967","Axiom"
"155538779","287495855","863182","17612","FREE CASE- OraCare Health Rinse","0.00","1","0.00","5/20/2026","BigCommerce - Oracare","FedEx","FedEx","Ground","381460990858","Axiom"
"155538791","287495800","863185","17612","OraCare Health Rinse (Case of 8)","254.00","5","1270.00","5/20/2026","BigCommerce - Oracare","FedEx","FedEx","Ground","381460991074","Axiom"
"155538767","287495798","863179","17612","OraCare Health Rinse (Case of 8)","254.00","1","254.00","5/20/2026","BigCommerce - Oracare","FedEx","FedEx","Ground","381460988733","Axiom"
"155538801","287495793","863181","17612","OraCare Health Rinse (Case of 8)","254.00","1","254.00","5/20/2026","BigCommerce - Oracare","FedEx","FedEx","Ground","381460994511","Axiom"
"155538797","287495792","863182","17612","OraCare Health Rinse (Case of 8)","254.00","5","1270.00","5/20/2026","BigCommerce - Oracare","FedEx","FedEx","Ground","381460990700","Axiom"
"155538816","287463877","863176","17612","OraCare Health Rinse (Case of 8)","254.00","5","1270.00","5/20/2026","BigCommerce - Oracare","FedEx","FedEx","Ground","381460991225","Axiom"
"155538789","287463874","863177","17612","OraCare Health Rinse (Case of 8)","254.00","5","1270.00","5/20/2026","BigCommerce - Oracare","FedEx","FedEx","Ground","381460990001","Axiom"
"155538765","287463871","863175","17612","OraCare Health Rinse (Case of 8)","254.00","1","254.00","5/20/2026","BigCommerce - Oracare","FedEx","FedEx","Ground","381460989394","Axiom"
"155343995","287357881","863156","17612","FREE CASE- OraCare Health Rinse","0.00","1","0.00","5/19/2026","BigCommerce - Oracare","FedEx","FedEx","Ground","381428133490","Axiom"
"155343990","287357836","863158","17612","OraCare Health Rinse (Case of 8)","254.00","1","254.00","5/19/2026","BigCommerce - Oracare","FedEx","FedEx","Ground","381428132380","Axiom"
"155343955","287357830","863155","17612","OraCare Health Rinse (Case of 8)","254.00","4","1016.00","5/19/2026","BigCommerce - Oracare","FedEx","FedEx","Ground","381428120309","Axiom"
"155343929","287357826","863157","17612","OraCare Health Rinse (Case of 8)","0.00","2","0.00","5/19/2026","BigCommerce - Oracare","FedEx","FedEx","Ground","381428122150","Axiom"
"155343991","287357824","863159","17612","OraCare Health Rinse (Case of 8)","254.00","1","254.00","5/19/2026","BigCommerce - Oracare","FedEx","FedEx","Ground","381428133066","Axiom"
"155343983","287357820","863156","17612","OraCare Health Rinse (Case of 8)","254.00","5","1270.00","5/19/2026","BigCommerce - Oracare","FedEx","FedEx","Ground","381428128468","Axiom"
"155344044","287243111","863150","17612","OraCare Health Rinse (Case of 8)","254.00","12","3048.00","5/19/2026","BigCommerce - Oracare","FedEx","FedEx","Ground","381428132173","Axiom"
"155343925","287165351","863146","17612","FREE CASE- OraCare Health Rinse","0.00","1","0.00","5/19/2026","BigCommerce - Oracare","FedEx","FedEx","Ground","381428122724","Axiom"
"155343993","287165339","863145","17612","OraCare Health Rinse (Case of 8)","254.00","2","508.00","5/19/2026","BigCommerce - Oracare","FedEx","FedEx","Ground","381428131590","Axiom"
"155343973","287165336","863146","17612","OraCare Health Rinse (Case of 8)","254.00","5","1270.00","5/19/2026","BigCommerce - Oracare","FedEx","FedEx","Ground","381428127406","Axiom"
"155343941","287139589","863142","17612","OraCare Health Rinse (Case of 8)","254.00","1","254.00","5/19/2026","BigCommerce - Oracare","FedEx","FedEx","Ground","381428126281","Axiom"
"155343936","287139585","863144","17612","OraCare Health Rinse (Case of 8)","254.00","1","254.00","5/19/2026","BigCommerce - Oracare","FedEx","FedEx","Ground","381428125572","Axiom"
"155343931","287139581","863143","17612","OraCare Health Rinse (Case of 8)","254.00","2","508.00","5/19/2026","BigCommerce - Oracare","FedEx","FedEx","Ground","381428123640","Axiom"
"155144086","287108506","863139","17612","OraCare Health Rinse (Case of 8)","254.00","5","1270.00","5/18/2026","BigCommerce - Oracare","FedEx","FedEx","Ground","381394407098","Axiom"
"157124691","290237490","863387","17612","OraCare Health Rinse (Case of 8)","254.00","2","508.00","6/1/2026","BigCommerce - Oracare","FedEx","FedEx","Ground","381727253132","Axiom"
"157124671","290237489","863386","17612","OraCare Health Rinse (Case of 8)","254.00","1","254.00","6/1/2026","BigCommerce - Oracare","FedEx","FedEx","Ground","381727251298","Axiom"
"157124665","290237488","863384","17612","OraCare Health Rinse (Case of 8)","254.00","5","1270.00","6/1/2026","BigCommerce - Oracare","FedEx","FedEx","Ground","381727247516","Axiom"
"157124626","290237484","863385","17612","OraCare Health Rinse (Case of 8)","254.00","5","1270.00","6/1/2026","BigCommerce - Oracare","FedEx","FedEx","Ground","381727240599","Axiom"
"157124686","290198116","863382","17612","OraCare Health Rinse (Case of 8)","254.00","1","254.00","6/1/2026","BigCommerce - Oracare","FedEx","FedEx","Ground Hm","381727253165","Axiom"
"157124673","290198111","863380","17612","OraCare Health Rinse (Case of 8)","254.00","5","1270.00","6/1/2026","BigCommerce - Oracare","FedEx","FedEx","Ground","381727249151","Axiom"
"157124637","290198103","863381","17612","OraCare Health Rinse (Case of 8)","254.00","1","254.00","6/1/2026","BigCommerce - Oracare","FedEx","FedEx","Ground","381727244366","Axiom"
"157124629","290166996","863379","17612","OraCare Health Rinse (Case of 8)","254.00","5","1270.00","6/1/2026","BigCommerce - Oracare","FedEx","FedEx","Ground","381727241172","Axiom"
"157124702","290166990","863378","17612","OraCare Health Rinse (Case of 8)","254.00","5","1270.00","6/1/2026","BigCommerce - Oracare","FedEx","FedEx","Ground","381727252239","Axiom"
"157124657","290166984","863376","17612","OraCare Health Rinse (Case of 8)","254.00","5","1270.00","6/1/2026","BigCommerce - Oracare","FedEx","FedEx","Ground","381727244620","Axiom"
"156804713","290137924","863374","17612","OraCare Health Rinse (Case of 8)","254.00","1","254.00","5/29/2026","BigCommerce - Oracare","FedEx","FedEx","Ground","381677035508","Axiom"
"156804705","290111454","863373","17612","OraCare Health Rinse (Case of 8)","254.00","1","254.00","5/29/2026","BigCommerce - Oracare","FedEx","FedEx","Ground","381677036066","Axiom"
"156804727","289972989","863370","17612","OraCare Health Rinse (Case of 8)","254.00","1","254.00","5/29/2026","BigCommerce - Oracare","FedEx","FedEx","Ground","381677038735","Axiom"
"156804721","289972988","863371","17612","OraCare Health Rinse (Case of 8)","254.00","5","1270.00","5/29/2026","BigCommerce - Oracare","FedEx","FedEx","Ground","381677036055","Axiom"
"156804731","289972984","863369","17612","OraCare Health Rinse (Case of 8)","254.00","5","1270.00","5/29/2026","BigCommerce - Oracare","FedEx","FedEx","Ground","381677036375","Axiom"
"156804698","289938483","863366","17612","OraCare Health Rinse (Case of 8)","254.00","1","254.00","5/29/2026","BigCommerce - Oracare","FedEx","FedEx","Ground","381677033994","Axiom"
"156804708","289938482","863360","17612","OraCare Health Rinse (Case of 8)","254.00","1","254.00","5/29/2026","BigCommerce - Oracare","FedEx","FedEx","Ground","381677036353","Axiom"
"156804704","289938481","863368","17612","OraCare Health Rinse (Case of 8)","254.00","1","254.00","5/29/2026","BigCommerce - Oracare","FedEx","FedEx","Ground","381677035335","Axiom"
"156804696","289938480","863367","17612","OraCare Health Rinse (Case of 8)","254.00","1","254.00","5/29/2026","BigCommerce - Oracare","FedEx","FedEx","Ground","381677034100","Axiom"
"156804710","289938477","863358","17612","OraCare Health Rinse (Case of 8)","254.00","1","254.00","5/29/2026","BigCommerce - Oracare","FedEx","FedEx","Ground","381677035493","Axiom"
"156804695","289938473","863359","17612","OraCare Health Rinse (Case of 8)","254.00","1","254.00","5/29/2026","BigCommerce - Oracare","FedEx","FedEx","Ground","381677034340","Axiom"
"156808112","289937834","100691","17612","Case(s) of OraCare™ Oral Health Rinse","0.00","6","0.00","5/29/2026","XCart - Oracare","FedEx","FedEx","Ground","381677553912","Axiom"
"156808188","289924974","100689","17612","Case(s) of OraCare™ Oral Health Rinse","0.00","15","0.00","5/29/2026","XCart - Oracare","FedEx","FedEx","Ground","381677554860","Axiom"
"156643554","289874900","863351","17612","OraCare Health Rinse (Case of 8)","254.00","3","762.00","5/28/2026","BigCommerce - Oracare","FedEx","FedEx","Ground","381649691240","Axiom"
"156643578","289874895","863347","17612","OraCare Health Rinse (Case of 8)","254.00","5","1270.00","5/28/2026","BigCommerce - Oracare","FedEx","FedEx","Ground","381649694102","Axiom"
"156643540","289874891","863350","17612","OraCare Health Rinse (Case of 8)","254.00","1","254.00","5/28/2026","BigCommerce - Oracare","FedEx","FedEx","Ground","381649688861","Axiom"
"156643608","289874886","863352","17612","OraCare Health Rinse (Case of 8)","228.60","12","2743.20","5/28/2026","BigCommerce - Oracare","FedEx","FedEx","Ground","381649695819","Axiom"
"156643525","289874882","863348","17612","OraCare Health Rinse (Case of 8)","254.00","6","1524.00","5/28/2026","BigCommerce - Oracare","FedEx","FedEx","Ground","381649684650","Axiom"
"156643539","289839408","863343","17612","OraCare Health Rinse (Case of 8)","254.00","1","254.00","5/28/2026","BigCommerce - Oracare","FedEx","FedEx","Ground","381649689537","Axiom"
"156643527","289839407","863341","17612","OraCare Health Rinse (Case of 8)","254.00","1","254.00","5/28/2026","BigCommerce - Oracare","FedEx","FedEx","Ground","381649688232","Axiom"
"156643546","289839406","863345","17612","OraCare Health Rinse (Case of 8)","254.00","1","254.00","5/28/2026","BigCommerce - Oracare","FedEx","FedEx","Ground","381649690964","Axiom"
"156643559","289839401","863346","17612","OraCare Health Rinse (Case of 8)","254.00","2","508.00","5/28/2026","BigCommerce - Oracare","FedEx","FedEx","Ground","381649693827","Axiom"
"156643591","289839400","863340","17612","OraCare Health Rinse (Case of 8)","254.00","12","3048.00","5/28/2026","BigCommerce - Oracare","FedEx","FedEx","Ground","381649691136","Axiom"
"156643522","289839398","863342","17612","OraCare Health Rinse (Case of 8)","254.00","5","1270.00","5/28/2026","BigCommerce - Oracare","FedEx","FedEx","Ground","381649685494","Axiom"
"156643645","289813538","100687","17612","Case(s) of OraCare™ Oral Health Rinse","0.00","15","0.00","5/28/2026","XCart - Oracare","FedEx","FedEx","Ground","381649705077","Axiom"
"156643521","289734649","863337","17612","OraCare Health Rinse (Case of 8)","254.00","5","1270.00","5/28/2026","BigCommerce - Oracare","FedEx","FedEx","Ground","381649685027","Axiom"
"156643531","289711331","863335","17612","OraCare Health Rinse (Case of 8)","254.00","1","254.00","5/28/2026","BigCommerce - Oracare","FedEx","FedEx","Ground","381649689011","Axiom"
"156643518","289711327","863336","17612","OraCare Health Rinse (Case of 8)","254.00","1","254.00","5/28/2026","BigCommerce - Oracare","FedEx","FedEx","Ground","381649687111","Axiom"
"156643516","289682733","863331","17612","OraCare Health Rinse (Case of 8)","254.00","2","508.00","5/28/2026","BigCommerce - Oracare","FedEx","FedEx","Ground","381649686685","Axiom"
"156643504","289653184","863330","17612","OraCare Health Rinse (Case of 8)","254.00","1","254.00","5/28/2026","BigCommerce - Oracare","FedEx","FedEx","Ground","381649684947","Axiom"
"156643572","289653181","863329","17612","OraCare Health Rinse (Case of 8)","254.00","1","254.00","5/28/2026","BigCommerce - Oracare","FedEx","FedEx","Ground","381649696995","Axiom"
"156643569","289653180","863327","17612","OraCare Health Rinse (Case of 8)","254.00","5","1270.00","5/28/2026","BigCommerce - Oracare","FedEx","FedEx","Ground","381649693091","Axiom"
"156643543","289653176","863328","17612","OraCare Health Rinse (Case of 8)","254.00","5","1270.00","5/28/2026","BigCommerce - Oracare","FedEx","FedEx","Ground","381649687729","Axiom"
"156452747","289589005","863322","17612","FREE CASE- OraCare Health Rinse","0.00","1","0.00","5/27/2026","BigCommerce - Oracare","FedEx","FedEx","Ground","381619713690","Axiom"
"156452743","289588358","863320","17612","FREE CASE- OraCare Health Rinse","0.00","3","0.00","5/27/2026","BigCommerce - Oracare","FedEx","FedEx","Ground","381619711323","Axiom"
"156452726","289588213","863318","17612","FREE CASE- OraCare Health Rinse","0.00","1","0.00","5/27/2026","BigCommerce - Oracare","FedEx","FedEx","Ground","381619711367","Axiom"
"156452722","289588200","863317","17612","FREE CASE- OraCare Health Rinse","0.00","1","0.00","5/27/2026","BigCommerce - Oracare","FedEx","FedEx","Ground","381619711448","Axiom"
"156452715","289588190","863323","17612","OraCare Health Rinse (Case of 8)","254.00","3","762.00","5/27/2026","BigCommerce - Oracare","FedEx","FedEx","Ground","381619707802","Axiom"
"156452702","289588189","863320","17612","OraCare Health Rinse (Case of 8)","254.00","12","3048.00","5/27/2026","BigCommerce - Oracare","FedEx","FedEx","Ground","381619698712","Axiom"
"156452615","289588184","863321","17612","OraCare Health Rinse (Case of 8)","254.00","4","1016.00","5/27/2026","BigCommerce - Oracare","FedEx","FedEx","Ground","381619693191","Axiom"
"156452563","289588178","863316","17612","OraCare Health Rinse (Case of 8)","254.00","1","254.00","5/27/2026","BigCommerce - Oracare","FedEx","FedEx","Ground","381619692346","Axiom"
"156452745","289588173","863325","17612","OraCare Health Rinse (Case of 8)","254.00","1","254.00","5/27/2026","BigCommerce - Oracare","FedEx","FedEx","Ground","381619713977","Axiom"
"156452735","289588171","863322","17612","OraCare Health Rinse (Case of 8)","254.00","5","1270.00","5/27/2026","BigCommerce - Oracare","FedEx","FedEx","Ground","381619709209","Axiom"
"156452712","289588169","863318","17612","OraCare Health Rinse (Case of 8)","254.00","5","1270.00","5/27/2026","BigCommerce - Oracare","FedEx","FedEx","Ground","381619703862","Axiom"
"156452694","289588167","863317","17612","OraCare Health Rinse (Case of 8)","254.00","5","1270.00","5/27/2026","BigCommerce - Oracare","FedEx","FedEx","Ground","381619701837","Axiom"
"156452775","289545010","863314","17612","FREE CASE- OraCare Health Rinse","0.00","10","0.00","5/27/2026","BigCommerce - Oracare","FedEx","FedEx","Ground","381619713359","Axiom"
"156452606","289544998","863312","17612","OraCare Health Rinse (Case of 8)","254.00","1","254.00","5/27/2026","BigCommerce - Oracare","FedEx","FedEx","Ground","381619695562","Axiom"
"156452546","289544996","863315","17612","OraCare Health Rinse (Case of 8)","254.00","1","254.00","5/27/2026","BigCommerce - Oracare","FedEx","FedEx","Ground","381619690089","Axiom"
"156452740","289544994","863314","17612","OraCare Health Rinse (Case of 8)","254.00","30","7620.00","5/27/2026","BigCommerce - Oracare","FedEx","FedEx","Ground","381619691486","Axiom"
"156452618","289544991","863313","17612","OraCare Health Rinse (Case of 8)","254.00","1","254.00","5/27/2026","BigCommerce - Oracare","FedEx","FedEx","Ground","381619695919","Axiom"
"156452588","289520941","863311","17612","FREE CASE- OraCare Health Rinse","0.00","1","0.00","5/27/2026","BigCommerce - Oracare","FedEx","FedEx","Ground","381619694739","Axiom"
"156452664","289520824","863311","17612","OraCare Health Rinse (Case of 8)","254.00","5","1270.00","5/27/2026","BigCommerce - Oracare","FedEx","FedEx","Ground","381619697315","Axiom"
"156452581","289396630","863310","17612","FREE CASE- OraCare Health Rinse","0.00","1","0.00","5/27/2026","BigCommerce - Oracare","FedEx","FedEx","Ground","381619693548","Axiom"
"156452595","289396009","863310","17612","OraCare Health Rinse (Case of 8)","254.00","6","1524.00","5/27/2026","BigCommerce - Oracare","FedEx","FedEx","Ground","381619690571","Axiom"
"156452621","289371021","100686","17612","Case(s) of OraCare™ Oral Health Rinse","0.00","2","0.00","5/27/2026","XCart - Oracare","FedEx","FedEx","Ground","381619695231","Axiom"
"156452564","289350915","863307","17612","FREE CASE- OraCare Health Rinse","0.00","1","0.00","5/27/2026","BigCommerce - Oracare","FedEx","FedEx","Ground","381619692482","Axiom"
"156452558","289350694","863303","17612","FREE CASE- OraCare Health Rinse","0.00","1","0.00","5/27/2026","BigCommerce - Oracare","FedEx","FedEx","Ground","381619691773","Axiom"
"156452549","289350421","863302","17612","FREE CASE- OraCare Health Rinse","0.00","1","0.00","5/27/2026","BigCommerce - Oracare","FedEx","FedEx","Ground","381619690582","Axiom"
"156452681","289350394","863300","17612","FREE CASE- OraCare Health Rinse","0.00","1","0.00","5/27/2026","BigCommerce - Oracare","FedEx","FedEx","Ground","381619703726","Axiom"
"156452829","289349508","863306","17612","OraCare Health Rinse (Case of 8)","254.00","3","762.00","5/27/2026","BigCommerce - Oracare","FedEx","FedEx","Ground","381619725503","Axiom"
"156452803","289349504","863303","17612","OraCare Health Rinse (Case of 8)","254.00","5","1270.00","5/27/2026","BigCommerce - Oracare","FedEx","FedEx","Ground","381619721092","Axiom"
"156452815","289349500","863304","17612","OraCare Health Rinse (Case of 8)","254.00","2","508.00","5/27/2026","BigCommerce - Oracare","FedEx","FedEx","Ground","381619722397","Axiom"
"156452851","289349495","863307","17612","OraCare Health Rinse (Case of 8)","254.00","5","1270.00","5/27/2026","BigCommerce - Oracare","FedEx","FedEx","Ground","381619728009","Axiom"
"156452672","289349481","863301","17612","OraCare Health Rinse (Case of 8)","254.00","1","254.00","5/27/2026","BigCommerce - Oracare","FedEx","FedEx","Ground","381619690262","Axiom"
"156452666","289349478","863302","17612","OraCare Health Rinse (Case of 8)","254.00","5","1270.00","5/27/2026","BigCommerce - Oracare","FedEx","FedEx","Ground","381619697360","Axiom"
"156452629","289349473","863300","17612","OraCare Health Rinse (Case of 8)","254.00","5","1270.00","5/27/2026","BigCommerce - Oracare","FedEx","FedEx","Ground","381619693938","Axiom"
"156452561","289349463","863299","17612","OraCare Health Rinse (Case of 8)","254.00","2","508.00","5/27/2026","BigCommerce - Oracare","FedEx","FedEx","Ground","381619692118","Axiom"
"156452665","289308280","863296","17612","FREE CASE- OraCare Health Rinse","0.00","1","0.00","5/27/2026","BigCommerce - Oracare","FedEx","FedEx","Ground","381619700911","Axiom"
"156452659","289308133","863294","17612","OraCare Health Rinse (Case of 8)","254.00","1","254.00","5/27/2026","BigCommerce - Oracare","FedEx","FedEx","Ground Hm","381619699650","Axiom"
"156452652","289308132","863297","17612","OraCare Health Rinse (Case of 8)","254.00","2","508.00","5/27/2026","BigCommerce - Oracare","FedEx","FedEx","Ground","381619697999","Axiom"
"156452631","289308129","863296","17612","OraCare Health Rinse (Case of 8)","254.00","5","1270.00","5/27/2026","BigCommerce - Oracare","FedEx","FedEx","Ground","381619693662","Axiom"
"157506404","291877960","863470","17612","OraCare Health Rinse (Case of 8)","254.00","5","1270.00","6/3/2026","BigCommerce - Oracare","FedEx","FedEx","Ground","381784516305","Axiom"
"157506390","291877957","863469","17612","OraCare Health Rinse (Case of 8)","228.60","1","228.60","6/3/2026","BigCommerce - Oracare","FedEx","FedEx","Ground","381784513707","Axiom"
"157506379","291877954","863468","17612","OraCare Health Rinse (Case of 8)","254.00","12","3048.00","6/3/2026","BigCommerce - Oracare","FedEx","FedEx","Ground","381784503875","Axiom"
"157506302","291857078","863466","17612","OraCare Health Rinse (Case of 8)","228.60","2","457.20","6/3/2026","BigCommerce - Oracare","FedEx","FedEx","Ground Hm","381784502158","Axiom"
"157506288","291857070","863467","17612","OraCare Health Rinse (Case of 8)","228.60","3","685.80","6/3/2026","BigCommerce - Oracare","FedEx","FedEx","Ground","381784498791","Axiom"
"157506254","291849611","100697","17612","Case(s) of OraCare™ Oral Health Rinse","0.00","1","0.00","6/3/2026","XCart - Oracare","FedEx","FedEx","Ground","381784497133","Axiom"
"157506247","291836121","863462","17612","OraCare Health Rinse (Case of 8)","254.00","1","254.00","6/3/2026","BigCommerce - Oracare","FedEx","FedEx","Ground","381784496620","Axiom"
"157506381","291836119","863464","17612","OraCare Health Rinse (Case of 8)","254.00","5","1270.00","6/3/2026","BigCommerce - Oracare","FedEx","FedEx","Ground","381784509976","Axiom"
"157506353","291836115","863463","17612","OraCare Health Rinse (Case of 8)","254.00","1","254.00","6/3/2026","BigCommerce - Oracare","FedEx","FedEx","Ground","381784508763","Axiom"
"157506338","291836106","863461","17612","OraCare Health Rinse (Case of 8)","254.00","1","254.00","6/3/2026","BigCommerce - Oracare","FedEx","FedEx","Ground","381784506863","Axiom"
"157506324","291816805","863459","17612","OraCare Health Rinse (Case of 8)","228.60","4","914.40","6/3/2026","BigCommerce - Oracare","FedEx","FedEx","Ground","381784502673","Axiom"
"157506271","291816800","863458","17612","OraCare Health Rinse (Case of 8)","254.00","5","1270.00","6/3/2026","BigCommerce - Oracare","FedEx","FedEx","Ground","381784496034","Axiom"
"157506331","291816795","863460","17612","OraCare Health Rinse (Case of 8)","254.00","5","1270.00","6/3/2026","BigCommerce - Oracare","FedEx","FedEx","Ground","381784504518","Axiom"
"157506297","291609167","863456","17612","OraCare Health Rinse (Case of 8)","254.00","3","762.00","6/3/2026","BigCommerce - Oracare","FedEx","FedEx","Ground","381784501806","Axiom"
"157506269","291559439","863455","17612","OraCare Health Rinse (Case of 8)","254.00","1","254.00","6/3/2026","BigCommerce - Oracare","FedEx","FedEx","Ground","381784496608","Axiom"
"157506264","291509621","863453","17612","OraCare Health Rinse (Case of 8)","254.00","1","254.00","6/3/2026","BigCommerce - Oracare","FedEx","FedEx","Ground","381784496906","Axiom"
"157506255","291509618","863451","17612","OraCare Health Rinse (Case of 8)","254.00","1","254.00","6/3/2026","BigCommerce - Oracare","FedEx","FedEx","Ground","381784497648","Axiom"
"157506340","291460022","863448","17612","OraCare Health Rinse (Case of 8)","254.00","2","508.00","6/3/2026","BigCommerce - Oracare","FedEx","FedEx","Ground","381784507046","Axiom"
"157506329","291460020","863445","17612","OraCare Health Rinse (Case of 8)","254.00","5","1270.00","6/3/2026","BigCommerce - Oracare","FedEx","FedEx","Ground","381784504481","Axiom"
"157506296","291460017","863447","17612","OraCare Health Rinse (Case of 8)","254.00","2","508.00","6/3/2026","BigCommerce - Oracare","FedEx","FedEx","Ground","381784501060","Axiom"
"157506286","291460014","863446","17612","OraCare Health Rinse (Case of 8)","228.60","5","1143.00","6/3/2026","BigCommerce - Oracare","FedEx","FedEx","Ground","381784497730","Axiom"
"157506375","291460009","863444","17612","OraCare Health Rinse (Case of 8)","254.00","2","508.00","6/3/2026","BigCommerce - Oracare","FedEx","FedEx","Ground","381784510730","Axiom"
"157506345","291398873","863439","17612","OraCare Health Rinse (Case of 8)","254.00","1","254.00","6/3/2026","BigCommerce - Oracare","FedEx","FedEx","Ground","381784509233","Axiom"
"157506339","291398872","863440","17612","OraCare Health Rinse (Case of 8)","0.00","1","0.00","6/3/2026","BigCommerce - Oracare","FedEx","FedEx","Ground","381784507296","Axiom"
"157506333","291398871","863441","17612","OraCare Health Rinse (Case of 8)","254.00","5","1270.00","6/3/2026","BigCommerce - Oracare","FedEx","FedEx","Ground","381784504530","Axiom"
"157506299","291398869","863442","17612","OraCare Health Rinse (Case of 8)","254.00","5","1270.00","6/3/2026","BigCommerce - Oracare","FedEx","FedEx","Ground","381784500497","Axiom"
"157506531","291398866","863438","17612","OraCare Health Rinse (Case of 8)","254.00","1","254.00","6/3/2026","BigCommerce - Oracare","FedEx","FedEx","Ground","381784535355","Axiom"
"157506525","291398853","863436","17612","OraCare Health Rinse (Case of 8)","254.00","12","3048.00","6/3/2026","BigCommerce - Oracare","FedEx","FedEx","Ground","381784528272","Axiom"
"157506449","291398850","863437","17612","OraCare Health Rinse (Case of 8)","254.00","30","7620.00","6/3/2026","BigCommerce - Oracare","FedEx","FedEx","Ground","381784506977","Axiom"
"157506274","291398845","863434","17612","OraCare Health Rinse (Case of 8)","254.00","2","508.00","6/3/2026","BigCommerce - Oracare","FedEx","FedEx","Ground","381784500589","Axiom"
"157506262","291398844","863432","17612","OraCare Health Rinse (Case of 8)","254.00","2","508.00","6/3/2026","BigCommerce - Oracare","FedEx","FedEx","Ground","381784496700","Axiom"
"157506248","291398842","863433","17612","OraCare Health Rinse (Case of 8)","254.00","1","254.00","6/3/2026","BigCommerce - Oracare","FedEx","FedEx","Ground","381784496527","Axiom"
"157344475","291342894","863430","17612","OraCare Health Rinse (Case of 8)","254.00","3","762.00","6/2/2026","BigCommerce - Oracare","FedEx","FedEx","Ground","381758496714","Axiom"
"157344464","291342887","863428","17612","OraCare Health Rinse (Case of 8)","254.00","1","254.00","6/2/2026","BigCommerce - Oracare","FedEx","FedEx","Ground","381758493760","Axiom"
"157344458","291342874","863429","17612","OraCare Health Rinse (Case of 8)","254.00","1","254.00","6/2/2026","BigCommerce - Oracare","FedEx","FedEx","Ground","381758493678","Axiom"
"157344448","291342869","863431","17612","OraCare Health Rinse (Case of 8)","254.00","5","1270.00","6/2/2026","BigCommerce - Oracare","FedEx","FedEx","Ground","381758491480","Axiom"
"157344410","291342862","863427","17612","OraCare Health Rinse (Case of 8)","254.00","2","508.00","6/2/2026","BigCommerce - Oracare","FedEx","FedEx","Ground","381758489826","Axiom"
"157344392","291342856","863426","17612","OraCare Health Rinse (Case of 8)","254.00","1","254.00","6/2/2026","BigCommerce - Oracare","FedEx","FedEx","Ground","381758488094","Axiom"
"157344443","291300922","863424","17612","OraCare Health Rinse (Case of 8)","254.00","1","254.00","6/2/2026","BigCommerce - Oracare","FedEx","FedEx","Ground","381758493093","Axiom"
"157344390","291300920","863425","17612","OraCare Health Rinse (Case of 8)","254.00","1","254.00","6/2/2026","BigCommerce - Oracare","FedEx","FedEx","Ground","381758487720","Axiom"
"157344420","291300916","863422","17612","OraCare Health Rinse (Case of 8)","0.00","2","0.00","6/2/2026","BigCommerce - Oracare","FedEx","FedEx","Ground","381758489642","Axiom"
"157344452","291300911","863423","17612","OraCare Health Rinse (Case of 8)","254.00","5","1270.00","6/2/2026","BigCommerce - Oracare","FedEx","FedEx","Ground","381758492947","Axiom"
"157344533","291272103","863421","17612","OraCare Health Rinse (Case of 8)","254.00","5","1270.00","6/2/2026","BigCommerce - Oracare","FedEx","FedEx","Ground Hm","381758500607","Axiom"
"157344401","291251808","100695","17612","Case(s) of OraCare™ Oral Health Rinse","0.00","2","0.00","6/2/2026","XCart - Oracare","FedEx","FedEx","Ground","381758487834","Axiom"
"157344478","291241978","863419","17612","OraCare Health Rinse (Case of 8)","254.00","6","1524.00","6/2/2026","BigCommerce - Oracare","FedEx","FedEx","Ground","381758496140","Axiom"
"157344446","291137106","863418","17612","OraCare Health Rinse (Case of 8)","254.00","5","1270.00","6/2/2026","BigCommerce - Oracare","FedEx","FedEx","Ground","381758491745","Axiom"
"157344633","291029596","863415","17612","OraCare Health Rinse (Case of 8)","254.00","2","508.00","6/2/2026","BigCommerce - Oracare","FedEx","FedEx","Ground","381758519903","Axiom"
"157344416","291029587","863417","17612","OraCare Health Rinse (Case of 8)","254.00","1","254.00","6/2/2026","BigCommerce - Oracare","FedEx","FedEx","Ground","381758490337","Axiom"
"157344623","291029579","863414","17612","OraCare Health Rinse (Case of 8)","254.00","5","1270.00","6/2/2026","BigCommerce - Oracare","FedEx","FedEx","Ground","381758517819","Axiom"
"157344597","291029556","863411","17612","OraCare Health Rinse (Case of 8)","254.00","30","7620.00","6/2/2026","BigCommerce - Oracare","FedEx","FedEx","Ground","381758496450","Axiom"
"157344467","290957653","863407","17612","OraCare Health Rinse (Case of 8)","254.00","5","1270.00","6/2/2026","BigCommerce - Oracare","FedEx","FedEx","Ground","381758492204","Axiom"
"157344425","290957648","863408","17612","OraCare Health Rinse (Case of 8)","254.00","5","1270.00","6/2/2026","BigCommerce - Oracare","FedEx","FedEx","Ground","381758489789","Axiom"
"157344476","290957643","863409","17612","OraCare Health Rinse (Case of 8)","254.00","7","1778.00","6/2/2026","BigCommerce - Oracare","FedEx","FedEx","Ground Hm","381758494343","Axiom"
"157344404","290934225","863406","17612","OraCare Health Rinse (Case of 8)","254.00","1","254.00","6/2/2026","BigCommerce - Oracare","FedEx","FedEx","Ground","381758488793","Axiom"
"157134346","290894156","100693","17612","Case(s) of OraCare™ Oral Health Rinse","0.00","6","0.00","6/1/2026","XCart - Oracare","FedEx","FedEx","Ground","381728418198","Axiom"
"157125167","290877897","863400","17612","OraCare Health Rinse (Case of 8)","254.00","2","508.00","6/1/2026","BigCommerce - Oracare","FedEx","FedEx","Ground","381727306563","Axiom"
"157125132","290877893","863401","17612","OraCare Health Rinse (Case of 8)","254.00","5","1270.00","6/1/2026","BigCommerce - Oracare","FedEx","FedEx","Ground","381727300657","Axiom"
"157125046","290877886","863395","17612","OraCare Health Rinse (Case of 8)","254.00","12","3048.00","6/1/2026","BigCommerce - Oracare","FedEx","FedEx","Ground","381727287141","Axiom"
"157124900","290877880","863402","17612","OraCare Health Rinse (Case of 8)","254.00","30","7620.00","6/1/2026","BigCommerce - Oracare","FedEx","FedEx","Ground Hm","381727255904","Axiom"
"157124621","290877878","863396","17612","OraCare Health Rinse (Case of 8)","254.00","1","254.00","6/1/2026","BigCommerce - Oracare","FedEx","FedEx","Ground","381727242422","Axiom"
"157124590","290877867","863397","17612","OraCare Health Rinse (Case of 8)","254.00","1","254.00","6/1/2026","BigCommerce - Oracare","FedEx","FedEx","Ground","381727238143","Axiom"
"157124690","290831421","863392","17612","OraCare Health Rinse (Case of 8)","254.00","1","254.00","6/1/2026","BigCommerce - Oracare","FedEx","FedEx","Ground","381727252489","Axiom"
"157124669","290831417","863390","17612","OraCare Health Rinse (Case of 8)","254.00","5","1270.00","6/1/2026","BigCommerce - Oracare","FedEx","FedEx","Ground","381727248968","Axiom"
"157124633","290831412","863394","17612","OraCare Health Rinse (Case of 8)","254.00","1","254.00","6/1/2026","BigCommerce - Oracare","FedEx","FedEx","Ground","381727246120","Axiom"
"157124624","290831410","863391","17612","OraCare Health Rinse (Case of 8)","254.00","5","1270.00","6/1/2026","BigCommerce - Oracare","FedEx","FedEx","Ground","381727240349","Axiom"
"157124694","290831402","863393","17612","OraCare Health Rinse (Case of 8)","254.00","5","1270.00","6/1/2026","BigCommerce - Oracare","FedEx","FedEx","Ground","381727251416","Axiom"
"156643514","289653175","863328","17904","OraCare Travel (Case of 24)","189.00","2","378.00","5/28/2026","BigCommerce - Oracare","FedEx","FedEx","Ground","381649683035","Axiom"
"150440897","278477718","862358","17904","FREE CASE- OraCare Travel","0.00","1","0.00","4/15/2026","BigCommerce - Oracare","FedEx","FedEx","Ground","380530921840","Axiom"
"150037802","277601213","862272","17904","OraCare Travel (Case of 24)","189.00","1","189.00","4/13/2026","BigCommerce - Oracare","FedEx","FedEx","Ground","380459012734","Axiom"
"149235083","276281838","862172","17904","OraCare Travel (Case of 24)","189.00","1","189.00","4/7/2026","BigCommerce - Oracare","FedEx","FedEx","Ground","380300846556","Axiom"
"152475172","282248189","862673","17904","OraCare Travel (Case of 24)","189.00","1","189.00","4/29/2026","BigCommerce - Oracare","FedEx","FedEx","Ground","380913334463","Axiom"
"152293740","281787803","862630","17904","OraCare Travel (Case of 24)","189.00","1","189.00","4/28/2026","BigCommerce - Oracare","FedEx","FedEx","Ground","380879968470","Axiom"
"151775398","280964220","862576","17904","OraCare Travel (Case of 24)","189.00","1","189.00","4/24/2026","BigCommerce - Oracare","FedEx","FedEx","Ground","380785446007","Axiom"
"151614699","280481077","862544","17904","OraCare Travel (Case of 24)","189.00","1","189.00","4/23/2026","BigCommerce - Oracare","FedEx","FedEx","Ground","380755279695","Axiom"
"151447447","280402872","862532","17904","OraCare Travel (Case of 24)","189.00","1","189.00","4/22/2026","BigCommerce - Oracare","FedEx","FedEx","Ground","380722761320","Axiom"
"151277452","280085933","862487","17904","OraCare Travel (Case of 24)","0.00","1","0.00","4/21/2026","BigCommerce - Oracare","FedEx","FedEx","Ground","380691678375","Axiom"
"151045096","279757962","862450","17904","OraCare Travel (Case of 24)","189.00","1","189.00","4/20/2026","BigCommerce - Oracare","FedEx","FedEx","Ground","380649468662","Axiom"
"150594973","278508127","862375","17904","OraCare Travel (Case of 24)","0.00","1","0.00","4/16/2026","BigCommerce - Oracare","FedEx","FedEx","Ground","380562253305","Axiom"
"156227793","289239515","863264","17904","OraCare Travel (Case of 24)","189.00","1","189.00","5/26/2026","BigCommerce - Oracare","FedEx","FedEx","Ground","381583765752","Axiom"
"154853149","286378656","863117","17904","OraCare Travel (Case of 24)","189.00","1","189.00","5/15/2026","BigCommerce - Oracare","FedEx","FedEx","Ground","381341673436","Axiom"
"154853146","286361900","863109","17904","OraCare Travel (Case of 24)","189.00","1","189.00","5/15/2026","BigCommerce - Oracare","FedEx","FedEx","Ground","381341672705","Axiom"
"154853133","286361895","863094","17904","OraCare Travel (Case of 24)","189.00","1","189.00","5/15/2026","BigCommerce - Oracare","FedEx","FedEx","Ground","381341669856","Axiom"
"154697547","286100678","863057","17904","OraCare Travel (Case of 24)","189.00","1","189.00","5/14/2026","BigCommerce - Oracare","FedEx","FedEx","Ground","381313219872","Axiom"
"154547309","285868687","863026","17904","FREE CASE- OraCare Travel","0.00","1","0.00","5/13/2026","BigCommerce - Oracare","FedEx","FedEx","Ground","381285059384","Axiom"
"154375348","285406081","862954","17904","OraCare Travel (Case of 24)","189.00","1","189.00","5/12/2026","BigCommerce - Oracare","FedEx","FedEx","Ground","381253851232","Axiom"
"154163833","285301116","862940","17904","OraCare Travel (Case of 24)","189.00","1","189.00","5/11/2026","BigCommerce - Oracare","FedEx","FedEx","Ground","381217890437","Axiom"
"154163804","284741140","862928","17904","OraCare Travel (Case of 24)","189.00","1","189.00","5/11/2026","BigCommerce - Oracare","FedEx","FedEx","Ground","381217888573","Axiom"
"153703598","284429366","862895","17904","FREE CASE- OraCare Travel","0.00","1","0.00","5/7/2026","BigCommerce - Oracare","FedEx","FedEx","Ground","381134245644","Axiom"
"153703839","284122631","862860","17904","FREE CASE- OraCare Travel","0.00","1","0.00","5/7/2026","BigCommerce - Oracare","FedEx","FedEx","Ground","381134268689","Axiom"
"153348365","283841060","862784","17904","OraCare Travel (Case of 24)","189.00","1","189.00","5/5/2026","BigCommerce - Oracare","FedEx","FedEx","Ground","381068038149","Axiom"
"153126729","283515057","862758","17904","OraCare Travel (Case of 24)","189.00","1","189.00","5/4/2026","BigCommerce - Oracare","FedEx","FedEx","Ground","381029732820","Axiom"
"153126711","283515052","862761","17904","OraCare Travel (Case of 24)","189.00","1","189.00","5/4/2026","BigCommerce - Oracare","FedEx","FedEx","Ground","381029728530","Axiom"
"153126730","282928300","862750","17904","OraCare Travel (Case of 24)","189.00","1","189.00","5/4/2026","BigCommerce - Oracare","FedEx","FedEx","Ground","381029730600","Axiom"
"152813101","282798426","862735","17904","OraCare Travel (Case of 24)","189.00","1","189.00","5/1/2026","BigCommerce - Oracare","FedEx","FedEx","Ground","380975472970","Axiom"
"152813080","282640688","862728","17904","OraCare Travel (Case of 24)","189.00","1","189.00","5/1/2026","BigCommerce - Oracare","FedEx","FedEx","Ground","380975469517","Axiom"
"149414083","276331225","862181","17904","OraCare Travel (Case of 24)","170.10","1","170.10","4/8/2026","BigCommerce - Oracare","FedEx","FedEx","Ground","380336067586","Axiom"
"149413978","276524651","723145","17904","OraCare Travel","0.00","1","0.00","4/8/2026","XCart - Oracare","FedEx","FedEx","Ground","380336060445","Axiom"
"149580700","276705248","862214","17904","OraCare Travel (Case of 24)","189.00","1","189.00","4/9/2026","BigCommerce - Oracare","FedEx","FedEx","Ground","380369062472","Axiom"
"149724607","276954153","862249","17904","OraCare Travel (Case of 24)","189.00","1","189.00","4/10/2026","BigCommerce - Oracare","FedEx","FedEx","Ground","380398427044","Axiom"
"150037822","277810939","862274","17904","OraCare Travel (Case of 24)","189.00","1","189.00","4/13/2026","BigCommerce - Oracare","FedEx","FedEx","Ground","380459015928","Axiom"
"150240581","278139539","862301","17904","OraCare Travel (Case of 24)","189.00","1","189.00","4/14/2026","BigCommerce - Oracare","FedEx","FedEx","Ground","380495420499","Axiom"
"150441010","278477286","862365","17904","OraCare Travel (Case of 24)","189.00","1","189.00","4/15/2026","BigCommerce - Oracare","FedEx","FedEx","Ground","380530935354","Axiom"
"150440975","278477322","862349","17904","OraCare Travel (Case of 24)","189.00","1","189.00","4/15/2026","BigCommerce - Oracare","FedEx","FedEx","Ground","380530930179","Axiom"
"150440989","278477325","862351","17904","OraCare Travel (Case of 24)","189.00","1","189.00","4/15/2026","BigCommerce - Oracare","FedEx","FedEx","Ground","380530933215","Axiom"
"150595012","278508262","862375","17904","FREE CASE- OraCare Travel","0.00","1","0.00","4/16/2026","BigCommerce - Oracare","FedEx","FedEx","Ground","380562261185","Axiom"
"150595030","278558697","862386","17904","OraCare Travel (Case of 24)","170.10","1","170.10","4/16/2026","BigCommerce - Oracare","FedEx","FedEx","Ground","380562265033","Axiom"
"150595040","278702524","862389","17904","OraCare Travel (Case of 24)","189.00","1","189.00","4/16/2026","BigCommerce - Oracare","FedEx","FedEx","Ground","380562266268","Axiom"
"150752748","278802638","862412","17904","OraCare Travel (Case of 24)","189.00","1","189.00","4/17/2026","BigCommerce - Oracare","FedEx","FedEx","Ground","380594153010","Axiom"
"150752724","278828000","862418","17904","OraCare Travel (Case of 24)","189.00","1","189.00","4/17/2026","BigCommerce - Oracare","FedEx","FedEx","Ground","380594147416","Axiom"
"151277563","280050966","862479","17904","OraCare Travel (Case of 24)","189.00","1","189.00","4/21/2026","BigCommerce - Oracare","FedEx","FedEx","Ground","380691692894","Axiom"
"151447380","280158337","862497","17904","OraCare Travel (Case of 24)","189.00","1","189.00","4/22/2026","BigCommerce - Oracare","FedEx","FedEx","Ground Hm","380722750460","Axiom"
"151614748","280699131","862553","17904","OraCare Travel (Case of 24)","189.00","1","189.00","4/23/2026","BigCommerce - Oracare","FedEx","FedEx","Ground","380755290428","Axiom"
"152293738","281703175","862622","17904","OraCare Travel (Case of 24)","189.00","1","189.00","4/28/2026","BigCommerce - Oracare","FedEx","FedEx","Ground","380879968930","Axiom"
"152475305","282294839","862679","17904","OraCare Travel (Case of 24)","189.00","1","189.00","4/29/2026","BigCommerce - Oracare","FedEx","FedEx","Ground","380913351889","Axiom"
"152649156","282565086","862717","17904","OraCare Travel (Case of 24)","189.00","1","189.00","4/30/2026","BigCommerce - Oracare","FedEx","FedEx","Ground","380945662890","Axiom"
"153348269","283874021","862821","17904","OraCare Travel (Case of 24)","189.00","1","189.00","5/5/2026","BigCommerce - Oracare","FedEx","FedEx","Ground","381068034990","Axiom"
"153703453","283898698","862834","17904","OraCare Travel (Case of 24)","189.00","1","189.00","5/7/2026","BigCommerce - Oracare","FedEx","FedEx","Ground","381134234739","Axiom"
"153703658","284171778","862878","17904","OraCare Travel (Case of 24)","189.00","1","189.00","5/7/2026","BigCommerce - Oracare","FedEx","FedEx","Ground","381134248323","Axiom"
"153703743","284457718","862904","17904","OraCare Travel (Case of 24)","189.00","1","189.00","5/7/2026","BigCommerce - Oracare","FedEx","FedEx","Ground","381134255483","Axiom"
"153870901","284674971","862918","17904","OraCare Travel (Case of 24)","189.00","1","189.00","5/8/2026","BigCommerce - Oracare","FedEx","FedEx","Ground","381165133989","Axiom"
"153870892","284674975","862917","17904","OraCare Travel (Case of 24)","189.00","1","189.00","5/8/2026","BigCommerce - Oracare","FedEx","FedEx","Ground","381165132478","Axiom"
"154375323","285615938","862980","17904","OraCare Travel (Case of 24)","189.00","1","189.00","5/12/2026","BigCommerce - Oracare","FedEx","FedEx","Ground","381253848177","Axiom"
"157506386","291877956","863469","17904","OraCare Travel (Case of 24)","170.10","1","170.10","6/3/2026","BigCommerce - Oracare","FedEx","FedEx","Ground","381784513659","Axiom"
"157506263","291857069","863467","17904","OraCare Travel (Case of 24)","170.10","1","170.10","6/3/2026","BigCommerce - Oracare","FedEx","FedEx","Ground","381784498471","Axiom"
"157506360","291509614","863450","17904","OraCare Travel (Case of 24)","189.00","1","189.00","6/3/2026","BigCommerce - Oracare","FedEx","FedEx","Ground","381784508811","Axiom"
"157506356","291509613","863454","17904","OraCare Travel (Case of 24)","189.00","1","189.00","6/3/2026","BigCommerce - Oracare","FedEx","FedEx","Ground","381784507712","Axiom"
"157344565","291029568","863412","17904","OraCare Travel (Case of 24)","189.00","1","189.00","6/2/2026","BigCommerce - Oracare","FedEx","FedEx","Ground Hm","381758509762","Axiom"
"157125058","290877889","863399","17904","OraCare Travel (Case of 24)","189.00","1","189.00","6/1/2026","BigCommerce - Oracare","FedEx","FedEx","Ground","381727297289","Axiom"
"157124676","290831419","863390","17904","OraCare Travel (Case of 24)","189.00","1","189.00","6/1/2026","BigCommerce - Oracare","FedEx","FedEx","Ground","381727253647","Axiom"
"157124611","290805759","863389","17904","OraCare Travel (Case of 24)","189.00","1","189.00","6/1/2026","BigCommerce - Oracare","FedEx","FedEx","Ground","381727242400","Axiom"
"156643535","289874889","863350","17904","OraCare Travel (Case of 24)","189.00","1","189.00","5/28/2026","BigCommerce - Oracare","FedEx","FedEx","Ground","381649689217","Axiom"
"156227842","288459850","863252","17904","OraCare Travel (Case of 24)","189.00","1","189.00","5/26/2026","BigCommerce - Oracare","FedEx","FedEx","Ground","381583769210","Axiom"
"156452547","289349460","863299","17904","OraCare Travel (Case of 24)","189.00","1","189.00","5/27/2026","BigCommerce - Oracare","FedEx","FedEx","Ground","381619690560","Axiom"
"154853051","286364259","863094","17904","FREE CASE- OraCare Travel","0.00","1","0.00","5/15/2026","BigCommerce - Oracare","FedEx","FedEx","Ground","381341661800","Axiom"
"156452556","289308122","863293","17904","OraCare Travel (Case of 24)","189.00","1","189.00","5/27/2026","BigCommerce - Oracare","FedEx","FedEx","Ground","381619691935","Axiom"
"149016358","275859588","723105","17904","OraCare Travel","0.00","1","0.00","4/6/2026","XCart - Oracare","FedEx","FedEx","Ground","380262049088","Axiom"
"149724580","276954160","862247","17904","OraCare Travel (Case of 24)","189.00","2","378.00","4/10/2026","BigCommerce - Oracare","FedEx","FedEx","Ground","380398427721","Axiom"
"149414098","276571615","862198","17904","OraCare Travel (Case of 24)","189.00","2","378.00","4/8/2026","BigCommerce - Oracare","FedEx","FedEx","Ground","380336069946","Axiom"
"148608295","274409381","862053","17904","OraCare Travel (Case of 24)","189.00","2","378.00","4/2/2026","BigCommerce - Oracare","FedEx","FedEx","Ground","380186712511","Axiom"
"152293753","281733014","862626","17904","OraCare Travel (Case of 24)","189.00","2","378.00","4/28/2026","BigCommerce - Oracare","FedEx","FedEx","Ground","380879966904","Axiom"
"148608390","274541732","862083","17904","OraCare Travel (Case of 24)","189.00","1","189.00","4/2/2026","BigCommerce - Oracare","FedEx","FedEx","Ground","380186726779","Axiom"
"148608330","274592524","862089","17904","OraCare Travel (Case of 24)","189.00","2","378.00","4/2/2026","BigCommerce - Oracare","FedEx","FedEx","Ground","380186717190","Axiom"
"148608471","274736971","862094","17904","OraCare Travel (Case of 24)","189.00","1","189.00","4/2/2026","BigCommerce - Oracare","FedEx","FedEx","Ground","380186741014","Axiom"
"148743064","274863801","862110","17904","OraCare Travel (Case of 24)","189.00","1","189.00","4/3/2026","BigCommerce - Oracare","FedEx","FedEx","Ground","380212526970","Axiom"
"148743061","274863808","862113","17904","OraCare Travel (Case of 24)","189.00","1","189.00","4/3/2026","BigCommerce - Oracare","FedEx","FedEx","Ground","380212526190","Axiom"
"150037812","277162248","862258","17904","OraCare Travel (Case of 24)","189.00","2","378.00","4/13/2026","BigCommerce - Oracare","FedEx","FedEx","Ground","380459013476","Axiom"
"150594992","278508128","862375","17904","OraCare Travel (Case of 24)","189.00","5","945.00","4/16/2026","BigCommerce - Oracare","FedEx","FedEx","Ground","380562253809","Axiom"
"155862708","288336171","863246","17904","OraCare Travel (Case of 24)","189.00","5","945.00","5/22/2026","BigCommerce - Oracare","FedEx","FedEx","Ground","381518425447","Axiom"
"153703788","284121938","862866","17904","OraCare Travel (Case of 24)","189.00","2","378.00","5/7/2026","BigCommerce - Oracare","FedEx","FedEx","Ground","381134262809","Axiom"
"153703706","284121919","862860","17904","OraCare Travel (Case of 24)","189.00","5","945.00","5/7/2026","BigCommerce - Oracare","FedEx","FedEx","Ground","381134249352","Axiom"
"155849661","288336245","863246","17904","FREE CASE- OraCare Travel","0.00","1","0.00","5/22/2026","BigCommerce - Oracare","FedEx","FedEx","Ground","381516229960","Axiom"
"155686979","287764173","863208","17904","OraCare Travel (Case of 24)","189.00","2","378.00","5/21/2026","BigCommerce - Oracare","FedEx","FedEx","Ground","381488560798","Axiom"
"155538770","287678127","863193","17904","OraCare Travel (Case of 24)","189.00","1","189.00","5/20/2026","BigCommerce - Oracare","FedEx","FedEx","Ground","381460989913","Axiom"
"155354781","287434612","863173","17904","OraCare Travel (Case of 24)","189.00","1","189.00","5/19/2026","BigCommerce - Oracare","FedEx","FedEx","Ground","381429672269","Axiom"
"154853158","286361870","863101","17904","OraCare Travel (Case of 24)","189.00","2","378.00","5/15/2026","BigCommerce - Oracare","FedEx","FedEx","Ground","381341673984","Axiom"
"154853077","286183877","863064","17904","OraCare Travel (Case of 24)","189.00","2","378.00","5/15/2026","BigCommerce - Oracare","FedEx","FedEx","Ground","381341663593","Axiom"
"151614766","280699119","862554","17904","OraCare Travel (Case of 24)","189.00","2","378.00","4/23/2026","BigCommerce - Oracare","FedEx","FedEx","Ground","380755285418","Axiom"
"153703589","284429348","862895","17904","OraCare Travel (Case of 24)","189.00","5","945.00","5/7/2026","BigCommerce - Oracare","FedEx","FedEx","Ground","381134242450","Axiom"
"151045099","279727744","862447","17904","OraCare Travel (Case of 24)","189.00","2","378.00","4/20/2026","BigCommerce - Oracare","FedEx","FedEx","Ground","380649469420","Axiom"
"150440973","278477279","862358","17904","OraCare Travel (Case of 24)","189.00","2","378.00","4/15/2026","BigCommerce - Oracare","FedEx","FedEx","Ground","380530931131","Axiom"
"150441032","278344158","862332","17904","OraCare Travel (Case of 24)","189.00","4","756.00","4/15/2026","BigCommerce - Oracare","FedEx","FedEx","Ground","380530936291","Axiom"
"152475163","282092351","862657","17904","OraCare Travel (Case of 24)","189.00","2","378.00","4/29/2026","BigCommerce - Oracare","FedEx","FedEx","Ground","380913332427","Axiom"
"148608530","274386728","723045","17904","Bundle Test Product: 18615","0.00","6","0.00","4/2/2026","XCart - Oracare","FedEx","FedEx","Ground","380186742308","Axiom"
"148608334","274434765","862059","17904","OraCare Travel (Case of 24)","189.00","1","189.00","4/2/2026","BigCommerce - Oracare","FedEx","FedEx","Ground Hm","380186718510","Axiom"
"157506362","291460007","863443","17904","OraCare Travel (Case of 24)","189.00","3","567.00","6/3/2026","BigCommerce - Oracare","FedEx","FedEx","Ground","381784509748","Axiom"
"157124620","290166979","863377","17904","OraCare Travel (Case of 24)","189.00","4","756.00","6/1/2026","BigCommerce - Oracare","FedEx","FedEx","Ground","381727240967","Axiom"
"150752710","278802726","862410","18675","FREE CASE- Ortho Protect","0.00","2","0.00","4/17/2026","BigCommerce - Oracare","FedEx","FedEx","Ground","380594145869","Axiom"
"150440980","278285058","862315","18675","FREE CASE- Ortho Protect","0.00","1","0.00","4/15/2026","BigCommerce - Oracare","FedEx","FedEx","Ground","380530932090","Axiom"
"150461489","278198682","862312","18675","Ortho Protect  (Case of 8)","0.00","2","0.00","4/15/2026","BigCommerce - Oracare","FedEx","FedEx","Ground","380534327491","Axiom"
"149580783","276818202","862219","18675","Ortho Protect  (Case of 8)","0.00","13","0.00","4/9/2026","BigCommerce - Oracare","FedEx","FedEx","Ground","380369062211","Axiom"
"149724599","276935218","862241","18675","Ortho Protect  (Case of 8)","254.00","5","1270.00","4/10/2026","BigCommerce - Oracare","FedEx","FedEx","Ground","380398428419","Axiom"
"150752718","278852349","862427","18675","FREE CASE- Ortho Protect","0.00","1","0.00","4/17/2026","BigCommerce - Oracare","FedEx","FedEx","Ground","380594147850","Axiom"
"150752739","278852115","862423","18675","Ortho Protect  (Case of 8)","254.00","1","254.00","4/17/2026","BigCommerce - Oracare","FedEx","FedEx","Ground","380594151327","Axiom"
"150752720","278803034","862413","18675","FREE CASE- Ortho Protect","0.00","1","0.00","4/17/2026","BigCommerce - Oracare","FedEx","FedEx","Ground","380594147460","Axiom"
"149724670","277102408","862251","18675","Ortho Protect  (Case of 8)","0.00","15","0.00","4/10/2026","BigCommerce - Oracare","FedEx","FedEx","Ground","380398430706","Axiom"
"149724809","277115988","862254","18675","Ortho Protect  (Case of 8)","0.00","53","0.00","4/10/2026","BigCommerce - Oracare","FedEx","FedEx","Ground","380398436759","Axiom"
"150594991","278743096","862398","18675","FREE CASE- Ortho Protect","0.00","1","0.00","4/16/2026","BigCommerce - Oracare","FedEx","FedEx","Ground","380562257414","Axiom"
"150241531","277941535","862295","18675","Ortho Protect  (Case of 8)","254.00","1","254.00","4/14/2026","BigCommerce - Oracare","FedEx","FedEx","Ground","380495574778","Axiom"
"150752757","278802693","862409","18675","FREE CASE- Ortho Protect","0.00","1","0.00","4/17/2026","BigCommerce - Oracare","FedEx","FedEx","Ground","380594154120","Axiom"
"150752742","278802631","862415","18675","Ortho Protect  (Case of 8)","0.00","1","0.00","4/17/2026","BigCommerce - Oracare","FedEx","FedEx","Ground","380594152003","Axiom"
"153126733","282928289","862751","18675","Ortho Protect  (Case of 8)","254.00","1","254.00","5/4/2026","BigCommerce - Oracare","FedEx","FedEx","Ground","381029726949","Axiom"
"152475197","282294471","862659","18675","FREE CASE- Ortho Protect","0.00","1","0.00","4/29/2026","BigCommerce - Oracare","FedEx","FedEx","Ground","380913336640","Axiom"
"150440974","278284981","862313","18675","FREE CASE- Ortho Protect","0.00","1","0.00","4/15/2026","BigCommerce - Oracare","FedEx","FedEx","Ground","380530931793","Axiom"
"150440988","278286012","862313","18675","FREE CASE- Ortho Protect","0.00","1","0.00","4/15/2026","BigCommerce - Oracare","FedEx","FedEx","Ground","380530934141","Axiom"
"150440996","278301387","862313","18675","FREE CASE- Ortho Protect","0.00","1","0.00","4/15/2026","BigCommerce - Oracare","FedEx","FedEx","Ground","380530933189","Axiom"
"150441002","278301406","862315","18675","FREE CASE- Ortho Protect","0.00","1","0.00","4/15/2026","BigCommerce - Oracare","FedEx","FedEx","Ground","380530934921","Axiom"
"152475281","282092371","862661","18675","Ortho Protect  (Case of 8)","254.00","1","254.00","4/29/2026","BigCommerce - Oracare","FedEx","FedEx","Ground","380913347430","Axiom"
"152475273","282092369","862661","18675","Ortho Protect  (Case of 8)","254.00","2","508.00","4/29/2026","BigCommerce - Oracare","FedEx","FedEx","Ground","380913345942","Axiom"
"152475150","282024690","862648","18675","Ortho Protect  (Case of 8)","254.00","1","254.00","4/29/2026","BigCommerce - Oracare","FedEx","FedEx","Ground","380913333526","Axiom"
"152064147","281073389","862605","18675","FREE CASE- Ortho Protect","0.00","1","0.00","4/27/2026","BigCommerce - Oracare","FedEx","FedEx","Ground","380840875630","Axiom"
"148608458","274610338","862089","18675","Ortho Protect  (Case of 8)","254.00","1","254.00","4/2/2026","BigCommerce - Oracare","FedEx","FedEx","Ground","380186738864","Axiom"
"151614638","280699204","862555","18675","FREE CASE- Ortho Protect","0.00","1","0.00","4/23/2026","BigCommerce - Oracare","FedEx","FedEx","Ground","380755272381","Axiom"
"151447461","280402858","862530","18675","Ortho Protect  (Case of 8)","254.00","1","254.00","4/22/2026","BigCommerce - Oracare","FedEx","FedEx","Ground","380722765164","Axiom"
"149235085","276079661","862162","18675","Ortho Protect  (Case of 8)","254.00","3","762.00","4/7/2026","BigCommerce - Oracare","FedEx","FedEx","Ground","380300844358","Axiom"
"149724574","276935217","862241","18675","Ortho Protect  (Case of 8)","0.00","1","0.00","4/10/2026","BigCommerce - Oracare","FedEx","FedEx","Ground","380398427710","Axiom"
"157506273","291609161","863457","18675","Ortho Protect  (Case of 8)","254.00","1","254.00","6/3/2026","BigCommerce - Oracare","FedEx","FedEx","Ground","381784500990","Axiom"
"157124612","290877877","863398","18675","Ortho Protect  (Case of 8)","254.00","1","254.00","6/1/2026","BigCommerce - Oracare","FedEx","FedEx","Ground","381727243863","Axiom"
"156643509","289734651","863337","18675","Ortho Protect  (Case of 8)","254.00","1","254.00","5/28/2026","BigCommerce - Oracare","FedEx","FedEx","Ground","381649686104","Axiom"
"154697613","286126406","863062","18675","Ortho Protect  (Case of 8)","0.00","1","0.00","5/14/2026","BigCommerce - Oracare","FedEx","FedEx","Ground","381313226635","Axiom"
"155849664","288336299","863246","18675","FREE CASE- Ortho Protect","0.00","1","0.00","5/22/2026","BigCommerce - Oracare","FedEx","FedEx","Ground","381516230654","Axiom"
"155687001","287793735","863210","18675","FREE CASE- Ortho Protect","0.00","1","0.00","5/21/2026","BigCommerce - Oracare","FedEx","FedEx","Ground","381488564657","Axiom"
"155144248","287126413","863134","18675","FREE CASE- Ortho Protect","0.00","1","0.00","5/18/2026","BigCommerce - Oracare","FedEx","FedEx","Ground","381394430876","Axiom"
"152293742","281933139","862637","18675","FREE CASE- Ortho Protect","0.00","1","0.00","4/28/2026","BigCommerce - Oracare","FedEx","FedEx","Ground","380879968480","Axiom"
"155538762","287495802","863188","18675","Ortho Protect  (Case of 8)","254.00","1","254.00","5/20/2026","BigCommerce - Oracare","FedEx","FedEx","Ground","381460989762","Axiom"
"153126756","282949689","862754","18675","FREE CASE- Ortho Protect","0.00","1","0.00","5/4/2026","BigCommerce - Oracare","FedEx","FedEx","Ground","381029734362","Axiom"
"153126744","282949678","862755","18675","Ortho Protect  (Case of 8)","127.00","1","127.00","5/4/2026","BigCommerce - Oracare","FedEx","FedEx","Ground","381029733105","Axiom"
"152649030","282318173","862681","18675","FREE CASE- Ortho Protect","0.00","1","0.00","4/30/2026","BigCommerce - Oracare","FedEx","FedEx","Ground Hm","380945649356","Axiom"
"152475205","282294812","862680","18675","Ortho Protect  (Case of 8)","254.00","1","254.00","4/29/2026","BigCommerce - Oracare","FedEx","FedEx","Ground","380913338274","Axiom"
"152475184","282248190","862673","18675","Ortho Protect  (Case of 8)","254.00","1","254.00","4/29/2026","BigCommerce - Oracare","FedEx","FedEx","Ground","380913324326","Axiom"
"154697526","286078132","863055","18675","Ortho Protect  (Case of 8)","254.00","1","254.00","5/14/2026","BigCommerce - Oracare","FedEx","FedEx","Ground","381313215010","Axiom"
"148375531","274193750","10204","17612 - 260017","Oracare 16oz","254.00","6","1524.00","4/1/2026","XCart - Oracare","FedEx","FedEx","Ground","380144311378","Axiom"
"148743063","274830915","723085","18795 - 11001","OraPro Paste Peppermint","0.00","1","0.00","4/3/2026","XCart - Oracare","FedEx","FedEx","Ground","380212526009","Axiom"
"157344499","290967303","100694","17914 - 250297","Oracare 32oz","0.00","6","0.00","6/2/2026","XCart - Oracare","FedEx","FedEx","Ground","381758495214","Axiom"
"148608385","274801757","862102","18795","OraPro Paste Peppermint (Case of 12)","180.00","2","360.00","4/2/2026","BigCommerce - Oracare","FedEx","FedEx","Ground","380186727216","Axiom"
"148608401","274801759","862101","18795","OraPro Paste Peppermint (Case of 12)","180.00","2","360.00","4/2/2026","BigCommerce - Oracare","FedEx","FedEx","Ground","380186727890","Axiom"
"150441073","278344168","862332","18795","OraPro Paste Peppermint (Case of 12)","180.00","2","360.00","4/15/2026","BigCommerce - Oracare","FedEx","FedEx","Ground","380530941761","Axiom"
"152475259","282024704","862650","18795","OraPro Paste Peppermint (Case of 12)","180.00","5","900.00","4/29/2026","BigCommerce - Oracare","FedEx","FedEx","Ground","380913341134","Axiom"
"149580692","276705252","862214","18795","OraPro Paste Peppermint (Case of 12)","180.00","2","360.00","4/9/2026","BigCommerce - Oracare","FedEx","FedEx","Ground","380369059432","Axiom"
"157344603","291029574","863413","18795","OraPro Paste Peppermint (Case of 12)","180.00","2","360.00","6/2/2026","BigCommerce - Oracare","FedEx","FedEx","Ground","381758512920","Axiom"
"157344422","290934226","863406","18795","OraPro Paste Peppermint (Case of 12)","180.00","2","360.00","6/2/2026","BigCommerce - Oracare","FedEx","FedEx","Ground","381758490061","Axiom"
"156643519","289816462","863338","18795","OraPro Paste Peppermint (Case of 12)","180.00","2","360.00","5/28/2026","BigCommerce - Oracare","FedEx","FedEx","Ground","381649685667","Axiom"
"155343978","287357832","863155","18795","OraPro Paste Peppermint (Case of 12)","180.00","4","720.00","5/19/2026","BigCommerce - Oracare","FedEx","FedEx","Ground","381428128490","Axiom"
"153870944","284503748","862908","18795","OraPro Paste Peppermint (Case of 12)","180.00","5","900.00","5/8/2026","BigCommerce - Oracare","FedEx","FedEx","Ground","381165139851","Axiom"
"151447410","280227529","862509","18795","OraPro Paste Peppermint (Case of 12)","180.00","5","900.00","4/22/2026","BigCommerce - Oracare","FedEx","FedEx","Ground","380722753219","Axiom"
"151277439","280077500","862484","17914","PPR- PreRinse (Case of 3)","120.60","1","120.60","4/21/2026","BigCommerce - Oracare","FedEx","FedEx","Ground","380691678560","Axiom"
"151277713","279800067","862453","18795","OraPro Paste Peppermint (Case of 12)","180.00","6","1080.00","4/21/2026","BigCommerce - Oracare","FedEx","FedEx","Ground","380691709610","Axiom"
"152064130","281073365","862603","18675","FREE CASE- Ortho Protect","0.00","1","0.00","4/27/2026","BigCommerce - Oracare","FedEx","FedEx","2day","380840874748","Axiom"
"152064180","281039683","862601","18675","Ortho Protect  (Case of 8)","254.00","1","254.00","4/27/2026","BigCommerce - Oracare","FedEx","FedEx","Ground","380840880526","Axiom"
"154547567","285847132","863014","18675","FREE CASE- Ortho Protect","0.00","5","0.00","5/13/2026","BigCommerce - Oracare","FedEx","FedEx","Ground","381285069260","Axiom"
"154547619","285684457","862992","18675","FREE CASE- Ortho Protect","0.00","1","0.00","5/13/2026","BigCommerce - Oracare","FedEx","FedEx","Ground","381285083301","Axiom"
"151775610","280764729","862559","18675","Ortho Protect  (Case of 8)","254.00","1","254.00","4/24/2026","BigCommerce - Oracare","FedEx","FedEx","Ground","380785474603","Axiom"
"154163818","284785072","862935","18675","FREE CASE- Ortho Protect","0.00","1","0.00","5/11/2026","BigCommerce - Oracare","FedEx","FedEx","Ground","381217890460","Axiom"
"154163809","284785053","862931","18675","FREE CASE- Ortho Protect","0.00","2","0.00","5/11/2026","BigCommerce - Oracare","FedEx","FedEx","Ground","381217888562","Axiom"
"154163792","284785043","862935","18675","Ortho Protect  (Case of 8)","254.00","5","1270.00","5/11/2026","BigCommerce - Oracare","FedEx","FedEx","Ground","381217882770","Axiom"
"151614676","280416365","862535","18675","Ortho Protect  (Case of 8)","254.00","1","254.00","4/23/2026","BigCommerce - Oracare","FedEx","FedEx","Ground","380755279228","Axiom"
"151459157","280344761","862513","18675","Ortho Protect  (Case of 8)","228.60","5","1143.00","4/22/2026","BigCommerce - Oracare","FedEx","FedEx","Ground","380724681002","Axiom"
"151459289","280344759","862513","18675","Ortho Protect  (Case of 8)","0.00","1","0.00","4/22/2026","BigCommerce - Oracare","FedEx","FedEx","Ground","380724707418","Axiom"
"151277513","280126697","862489","18675","FREE CASE- Ortho Protect","0.00","1","0.00","4/21/2026","BigCommerce - Oracare","FedEx","FedEx","Ground","380691687564","Axiom"
"151277417","280076973","862483","18675","Ortho Protect  (Case of 8)","254.00","1","254.00","4/21/2026","BigCommerce - Oracare","FedEx","FedEx","Ground","380691677519","Axiom"
"153703547","283921262","862842","18675","Ortho Protect  (Case of 8)","204.00","4","816.00","5/7/2026","BigCommerce - Oracare","FedEx","FedEx","Ground","381134239145","Axiom"
"157124651","290805760","863389","17612","OraCare Health Rinse (Case of 8)","254.00","6","1524.00","6/1/2026","BigCommerce - Oracare","FedEx","FedEx","Ground","381727244697","Axiom"
"156643530","289816460","863339","17904","OraCare Travel (Case of 24)","189.00","2","378.00","5/28/2026","BigCommerce - Oracare","FedEx","FedEx","Ground","381649688508","Axiom"
"153703500","283921258","862843","18675","Ortho Protect  (Case of 8)","204.00","4","816.00","5/7/2026","BigCommerce - Oracare","FedEx","FedEx","Ground","381134235573","Axiom"
"150075964","277852029","862278","18760","OraPro Mini (Box of 10)","24.00","4","96.00","4/13/2026","BigCommerce - Oracare","FedEx","FedEx","Ground","380464280673","Home Office"
"157344419","291342867","863431","17613","FREE CASE- OraCare Health Rinse","0.00","1","0.00","6/2/2026","BigCommerce - Oracare","FedEx","FedEx","Ground","381758490532","Axiom"
"157344424","291300915","863422","17613","FREE CASE- OraCare Health Rinse","0.00","1","0.00","6/2/2026","BigCommerce - Oracare","FedEx","FedEx","Ground","381758492833","Axiom"
"157344433","291300910","863423","17613","FREE CASE- OraCare Health Rinse","0.00","1","0.00","6/2/2026","BigCommerce - Oracare","FedEx","FedEx","Ground","381758493509","Axiom"
"157344418","291272102","863421","17613","FREE CASE- OraCare Health Rinse","0.00","1","0.00","6/2/2026","BigCommerce - Oracare","FedEx","FedEx","Ground Hm","381758490933","Axiom"
"157344489","291241979","863419","17613","FREE CASE- OraCare Health Rinse","0.00","2","0.00","6/2/2026","BigCommerce - Oracare","FedEx","FedEx","Ground","381758500147","Axiom"
"156804797","289930786","100690","18675 - 260052","Ortho Protect","0.00","10","0.00","5/29/2026","XCart - Oracare","FedEx","FedEx","Ground","381677042999","Axiom"
"157344487","291350781","100696","18675 - 260052","Ortho Protect","0.00","2","0.00","6/2/2026","XCart - Oracare","FedEx","FedEx","Ground","381758499069","Axiom"
"154547576","285859204","100675","18675 - 240231","Ortho Protect","0.00","1","0.00","5/13/2026","XCart - Oracare","FedEx","FedEx","Ground","381285073057","Axiom"
"157344409","291241975","863419","17613","FREE CASE- OraCare Health Rinse","0.00","1","0.00","6/2/2026","BigCommerce - Oracare","FedEx","FedEx","Ground","381758490315","Axiom"
"156643528","289839403","863344","17915","FREE CASE-  PPR- PreRinse","0.00","1","0.00","5/28/2026","BigCommerce - Oracare","FedEx","FedEx","Ground","381649688048","Axiom"
"156804724","290161156","100692","18675 - 260052","Ortho Protect","0.00","2","0.00","5/29/2026","XCart - Oracare","FedEx","FedEx","Ground","381677036206","Axiom"
